,producto,precio,cantidad,medida,cantidad_
0,Leche semidesnatada Central Lechera Asturiana brik 1 l.,0.79,1.0,L,1.0
1,Leche entera Central Lechera Asturiana brik 1 l.,0.79,1.0,L,1.0
2,Tomate frito Solis sin gluten y sin lactosa pack 2 tarros de 460 g.,1.93,0.919,kg,0.919
3,Leche desnatada Central Lechera Asturiana brik 1 l.,0.79,1.0,L,1.0
4,Yogur griego con stracciatella Danone Oikos sin gluten pack de 4 unidades de 110 g.,2.12,0.44,kg,0.44
5,Leche semidesnatada Central Lechera Asturiana brik 1 l.,0.79,1.0,L,1.0
6,Leche entera Central Lechera Asturiana brik 1 l.,0.79,1.0,L,1.0
7,Leche semidesnatada Central Lechera Asturiana brik 1 l.,0.79,1.0,L,1.0
8,Leche entera Central Lechera Asturiana brik 1 l.,0.79,1.0,L,1.0
9,Caldo natural de pollo Aneto sin gluten y sin lactosa pack de 2 briks de 1 l.,6.19,2.003,L,2.003
10,Pizza de jamon y queso fina y crujiente Forno Di Pietra Buitoni 350 g.,3.19,0.35,kg,0.35
11,Huevos M Carrefour 30 ud.,3.25,2.5,ud,2.5
12,Leche semidesnatada Central Lechera Asturiana brik 1 l.,0.79,1.0,L,1.0
13,Leche entera Central Lechera Asturiana brik 1 l.,0.79,1.0,L,1.0
14,Leche semidesnatada Central Lechera Asturiana brik 1 l.,0.79,1.0,L,1.0
15,Leche entera Central Lechera Asturiana brik 1 l.,0.79,1.0,L,1.0
16,Leche semidesnatada Central Lechera Asturiana brik 1 l.,0.79,1.0,L,1.0
17,Leche entera Central Lechera Asturiana brik 1 l.,0.79,1.0,L,1.0
18,Conos de maiz Lay's 3D's 100 g.,1.43,0.1,kg,0.1
19,Leche semidesnatada Central Lechera Asturiana brik 1 l.,0.79,1.0,L,1.0
20,Leche entera Central Lechera Asturiana brik 1 l.,0.79,1.0,L,1.0
21,Ketchup Hellmann's envase 430 g.,1.53,0.43,L,0.43
22,Copa de chocolate con nata Danone La Copa pack de 2 unidades de 110 g.,1.15,0.22,kg,0.22
23,Arroz integral Sos 1 kg.,1.6,1.0,kg,1.0
24,Mayonesa Ligeresa sin lactosa tarro 650 ml.,2.7,0.651,kg,0.651
25,Leche semidesnatada Central Lechera Asturiana brik 1 l.,0.79,1.0,L,1.0
26,Leche entera Central Lechera Asturiana brik 1 l.,0.79,1.0,L,1.0
27,Piccolinis capricciosa Buitoni 270 g.,2.85,0.27,kg,0.27
28,Leche semidesnatada Central Lechera Asturiana brik 1 l.,0.79,1.0,L,1.0
29,Leche entera Central Lechera Asturiana brik 1 l.,0.79,1.0,L,1.0
30,Calamares en salsa americana Calvo sin gluten y sin lactosapack de 3 unidades de 48 g.,2.09,0.144,kg,0.144
31,Leche semidesnatada Central Lechera Asturiana brik 1 l.,0.79,1.0,L,1.0
32,Leche entera Central Lechera Asturiana brik 1 l.,0.79,1.0,L,1.0
33,Galletas Mini The Simpson Siro 275 g.,1.79,0.275,kg,0.275
34,Figuritas de mazapan Carrefour Sensation 300 g.,2.5,0.3,kg,0.3
35,Leche semidesnatada Central Lechera Asturiana brik 1 l.,0.79,1.0,L,1.0
36,Leche entera Central Lechera Asturiana brik 1 l.,0.79,1.0,L,1.0
37,Mantequilla facil de untar President 250 g.,3.15,0.25,kg,0.25
38,Leche semidesnatada Central Lechera Asturiana brik 1 l.,0.79,1.0,L,1.0
39,Leche entera Central Lechera Asturiana brik 1 l.,0.79,1.0,L,1.0
40,Arroz bomba Sos 1 kg.,3.75,1.0,kg,1.0
41,Mejillones de las rias gallegas en escabeche Calvo sin gluten y sin lactosa 69 g.,2.65,0.069,kg,0.069
42,Arroz con leche Danone sin gluten pack de 2 unidades de 130 g.,1.14,0.26,kg,0.26
43,Leche semidesnatada Central Lechera Asturiana brik 1 l.,0.79,1.0,L,1.0
44,Leche entera Central Lechera Asturiana brik 1 l.,0.79,1.0,L,1.0
45,Leche semidesnatada Central Lechera Asturiana brik 1 l.,0.79,1.0,L,1.0
46,Leche entera Central Lechera Asturiana brik 1 l.,0.79,1.0,L,1.0
47,Guisantes tiernos y muy finos sin azucares anadidos Bonduelle pack de 3 unidades de 140 g.,2.55,0.42,kg,0.42
48,Leche semidesnatada Central Lechera Asturiana brik 1 l.,0.79,1.0,L,1.0
49,Leche entera Central Lechera Asturiana brik 1 l.,0.79,1.0,L,1.0
50,Leche semidesnatada Central Lechera Asturiana brik 1 l.,0.79,1.0,L,1.0
51,Leche entera Central Lechera Asturiana brik 1 l.,0.79,1.0,L,1.0
52,Galletas Maria sin azucar Zero Gullon 400 g.,1.8,0.4,kg,0.4
53,Leche semidesnatada Central Lechera Asturiana brik 1 l.,0.79,1.0,L,1.0
54,Leche entera Central Lechera Asturiana brik 1 l.,0.79,1.0,L,1.0
55,Patatas fritas sal marina y trufa negra gourmet Lay's 150 g.,2.15,0.15,kg,0.15
56,Leche desnatada 0% MG Central Lechera Asturiana brik 1 l.,0.79,1.0,L,1.0
57,Crema de Alicia de calabaza. zanahoria y guisantes Knorr 500 ml.,1.87,0.5,L,0.5
58,Leche semidesnatada Central Lechera Asturiana brik 1 l.,0.79,1.0,L,1.0
59,Leche entera Central Lechera Asturiana brik 1 l.,0.79,1.0,L,1.0
60,Galletas rellena con crema de cacao Nocilla 120 g.,1.9,0.12,kg,0.12
61,Pannini de jamon y queso Dr. Oetker 250 g.,2.69,0.25,kg,0.25
62,Leche semidesnatada Central Lechera Asturiana brik 1 l.,0.79,1.0,L,1.0
63,Leche entera Central Lechera Asturiana brik 1 l.,0.79,1.0,L,1.0
64,Leche semidesnatada Central Lechera Asturiana brik 1 l.,0.79,1.0,L,1.0
65,Leche entera Central Lechera Asturiana brik 1 l.,0.79,1.0,L,1.0
66,Berberechos al natural Cabo de Penas 63 g.,3.79,0.063,kg,0.063
67,Leche semidesnatada Central Lechera Asturiana brik 1 l.,0.79,1.0,L,1.0
68,Leche entera Central Lechera Asturiana brik 1 l.,0.79,1.0,L,1.0
69,Leche semidesnatada Central Lechera Asturiana brik 1 l.,0.79,1.0,L,1.0
70,Leche entera Central Lechera Asturiana brik 1 l.,0.79,1.0,L,1.0
71,Maiz Bonduelle pack de 6x140 g.,4.65,0.839,kg,0.839
72,Caldo natural de puchero Aneto sin gluten y sin lactosa pack de 2 briks de 1 l.,6.19,2.003,L,2.003
73,Leche semidesnatada Central Lechera Asturiana brik 1 l.,0.79,1.0,L,1.0
74,Leche entera Central Lechera Asturiana brik 1 l.,0.79,1.0,L,1.0
75,Turron blando El Almendro sin gluten 250 g.,3.95,0.25,kg,0.25
76,Leche semidesnatada Central Lechera Asturiana brik 1 l.,0.79,1.0,L,1.0
77,Leche entera Central Lechera Asturiana brik 1 l.,0.79,1.0,L,1.0
78,Mejillones de las rias gallegas en escabeche Calvo sin gluten y sin lactosa pack de 3 unidades de 69 g.,4.29,0.207,kg,0.207
79,Gyoza de carne al vapor Ta-Tung 170 g.,2.75,0.17,kg,0.17
80,Leche semidesnatada Central Lechera Asturiana brik 1 l.,0.79,1.0,L,1.0
81,Leche entera Central Lechera Asturiana brik 1 l.,0.79,1.0,L,1.0
82,Leche semidesnatada Central Lechera Asturiana brik 1 l.,0.79,1.0,L,1.0
83,Leche entera Central Lechera Asturiana brik 1 l.,0.79,1.0,L,1.0
84,Galletas rellenas con crema de cacao Nocilla sin aceite de palma 160 g.,2.29,0.16,kg,0.16
85,Leche semidesnatada Central Lechera Asturiana brik 1 l.,0.79,1.0,L,1.0
86,Leche entera Central Lechera Asturiana brik 1 l.,0.79,1.0,L,1.0
87,Turron duro El Almendro sin gluten 250 g.,3.95,0.25,kg,0.25
88,Leche semidesnatada Central Lechera Asturiana brik 1 l.,0.79,1.0,L,1.0
89,Leche entera Central Lechera Asturiana brik 1 l.,0.79,1.0,L,1.0
90,Leche semidesnatada Central Lechera Asturiana brik 1 l.,0.79,1.0,L,1.0
91,Leche entera Central Lechera Asturiana brik 1 l.,0.79,1.0,L,1.0
92,Cereales integrales con chocolate y caramelo Lion Nestle 675 g.,3.95,0.675,kg,0.675
93,Salsa barbacoa sin azucar anadido Cero Prima sin gluten 325 g.,1.63,0.325,kg,0.325
94,Leche semidesnatada Central Lechera Asturiana brik 1 l.,0.79,1.0,L,1.0
95,Leche entera Central Lechera Asturiana brik 1 l.,0.79,1.0,L,1.0
96,Leche semidesnatada Central Lechera Asturiana brik 1 l.,0.79,1.0,L,1.0
97,Leche entera Central Lechera Asturiana brik 1 l.,0.79,1.0,L,1.0
98,Leche semidesnatada Circulo de Calidad Carrefour brik 1 l.,0.69,1.0,L,1.0
99,Leche semidesnatada Central Lechera Asturiana brik 1 l.,0.79,1.0,L,1.0
100,Leche entera Central Lechera Asturiana brik 1 l.,0.79,1.0,L,1.0
101,Leche semidesnatada Central Lechera Asturiana brik 1 l.,0.79,1.0,L,1.0
102,Leche entera Central Lechera Asturiana brik 1 l.,0.79,1.0,L,1.0
103,Cereales integrales Golden Grahams Nestle 420 g.,2.69,0.42,kg,0.42
104,Tomates secos con aceite de oliva y girasol Carrefour 120 g.,2.49,0.12,kg,0.12
105,Leche semidesnatada Central Lechera Asturiana brik 1 l.,0.79,1.0,L,1.0
106,Leche entera Central Lechera Asturiana brik 1 l.,0.79,1.0,L,1.0
107,Ketchup Prima envase 600 g.,1.99,0.599,kg,0.599
108,Leche semidesnatada Central Lechera Asturiana brik 1 l.,0.79,1.0,L,1.0
109,Leche entera Central Lechera Asturiana brik 1 l.,0.79,1.0,L,1.0
110,Bombones surtidos de chocolate Nestle Caja Roja 800 g.,12.99,0.8,kg,0.8
111,Ajo en polvo Carmencita sin gluten 60 g.,1.74,0.06,kg,0.06
112,Leche semidesnatada Central Lechera Asturiana brik 1 l.,0.79,1.0,L,1.0
113,Leche entera Central Lechera Asturiana brik 1 l.,0.79,1.0,L,1.0
114,Mostaza a la antigua Maille tarro 210 g.,2.39,0.21,kg,0.21
115,Leche semidesnatada Central Lechera Asturiana brik 1 l.,0.79,1.0,L,1.0
116,Leche entera Central Lechera Asturiana brik 1 l.,0.79,1.0,L,1.0
117,Sardinillas en aceite de oliva Albo 82 g.,2.09,0.082,kg,0.082
118,Tortellini de ricotta y espinacas Buitoni 276 g.,2.45,0.276,kg,0.276
119,Leche semidesnatada Central Lechera Asturiana brik 1 l.,0.79,1.0,L,1.0
120,Leche entera Central Lechera Asturiana brik 1 l.,0.79,1.0,L,1.0
121,Sopa Thai de fideos. setas y coco Knorr 69 g.,1.48,0.069,kg,0.069
122,Surtido de pastas artesanas Reglero 400 g.,3.1,0.4,kg,0.4
123,Leche semidesnatada Central Lechera Asturiana brik 1 l.,0.79,1.0,L,1.0
124,Leche entera Central Lechera Asturiana brik 1 l.,0.79,1.0,L,1.0
125,Ketchup cero Prima sin gluten envase 570 g.,2.09,0.569,kg,0.569
126,Chocolate negro 85% Lindt Excellence pack de 2 tabletas de 100 g.,4.65,0.2,kg,0.2
127,Leche semidesnatada Central Lechera Asturiana brik 1 l.,0.79,1.0,L,1.0
128,Leche entera Central Lechera Asturiana brik 1 l.,0.79,1.0,L,1.0
129,Leche semidesnatada Central Lechera Asturiana brik 1 l.,0.79,1.0,L,1.0
130,Leche entera Central Lechera Asturiana brik 1 l.,0.79,1.0,L,1.0
131,Jamoncitos de pollo Carrefour 1 kg aprox,3.49,1.0,kg,1.0
132,Patata lavada Carrefour 5 Kg,2.95,5.0,kg,5.0
133,Brocoli Carrefour 500g,0.79,0.5,kg,0.5
134,Mandarina malla de2 kg,1.98,2.0,kg,2.0
136,Patata lavada Carrefour 5 Kg,2.95,5.0,kg,5.0
137,Brocoli Carrefour 500g,0.79,0.5,kg,0.5
138,Pechuga de pavo fileteada Carrefour 600 g aprox,4.11,0.6,kg,0.6
139,Pina golden ripe 2 Kg aprox ,1.58,2.0,kg,2.0
140,Pera conferencia Carrefour 1.5 Kg,1.65,1.5,kg,1.5
141,Patata lavada Carrefour 5 Kg,2.95,5.0,kg,5.0
142,Brocoli Carrefour 500g,0.79,0.5,kg,0.5
144,Salmon ahumado noruego Carrefour pack de 2 unidades de 180 g.,8.99,0.36,kg,0.36
145,Jamon cocido al vapor Campofrio Finissimas sin gluten y sin lactosa 115 g.,1.78,0.115,kg,0.115
146,Patata lavada Carrefour 5 Kg,2.95,5.0,kg,5.0
147,Brocoli Carrefour 500g,0.79,0.5,kg,0.5
148,Salmon ahumado noruego Carrefour 200 g.,4.79,0.2,kg,0.2
149,Kiwi nacional 750 g,1.35,0.75,kg,0.75
150,Pan de molde rebanada estilo artesano Bimbo 600 g.,2.19,0.6,kg,0.6
151,Pechuga de pollo Carrefour 1.2 kg aprox,5.87,1.2,kg,1.2
152,Patata lavada Carrefour 5 Kg,2.95,5.0,kg,5.0
153,Brocoli Carrefour 500g,0.79,0.5,kg,0.5
154,Chuleta de aguja de cerdo Carrefour 1 kg aprox,3.49,1.0,kg,1.0
155,Tomate azul a granel 500 Kg aprox,1.49,0.498,kg,0.498
156,Patata lavada Carrefour 5 Kg,2.95,5.0,kg,5.0
157,Brocoli Carrefour 500g,0.79,0.5,kg,0.5
158,Tostaditas con arandanos Bimbo 90 g.,1.68,0.1,kg,0.1
159,Masa hojaldre rectangular Buitoni sin lactosa 230 g.,1.99,0.23,kg,0.23
160,Panettone de chocolate Carrefour El Mercado 900 g,4.5,0.9,kg,0.9
161,Patata lavada Carrefour 5 Kg,2.95,5.0,kg,5.0
162,Brocoli Carrefour 500g,0.79,0.5,kg,0.5
163,Naranjas de mesa Carrefour El Mercado saco de 6 kg,3.9,6.0,kg,6.0
164,Patata lavada Carrefour 5 Kg,2.95,5.0,kg,5.0
165,Brocoli Carrefour 500g,0.79,0.5,kg,0.5
166,Cebolla ecologica Carrefour Bio 1 kg,1.85,1.0,kg,1.0
167,Jamon de cerdo troceado Carrefour 500 g aprox,1.99,0.499,kg,0.499
168,Patata lavada Carrefour 5 Kg,2.95,5.0,kg,5.0
169,Brocoli Carrefour 500g,0.79,0.5,kg,0.5
170,Patata lavada Carrefour 5 Kg,2.95,5.0,kg,5.0
171,Brocoli Carrefour 500g,0.79,0.5,kg,0.5
172,Pan de molde con grano entero 12 cereales Bimbo-Oreweat 680 g.,2.59,0.59,kg,0.59
173,Patata lavada Carrefour 5 Kg,2.95,5.0,kg,5.0
174,Brocoli Carrefour 500g,0.79,0.5,kg,0.5
175,Filete 1ÂªA de vacuno 500 g aprox,4.24,0.499,kg,0.499
176,Patata lavada Carrefour 5 Kg,2.95,5.0,kg,5.0
177,Brocoli Carrefour 500g,0.79,0.5,kg,0.5
178,Picada de vacuno ecologico Carrefour Bio 400 g,3.49,0.4,kg,0.4
179,Alas de pollo Carrefour 1.4 kg aprox,5.03,1.401,kg,1.401
180,Patata lavada Carrefour 5 Kg,2.95,5.0,kg,5.0
181,Brocoli Carrefour 500g,0.79,0.5,kg,0.5
182,Panettone de frutas clasico Carrefour El Mercado 900 g,4.5,0.9,kg,0.9
184,Patata lavada Carrefour 5 Kg,2.95,5.0,kg,5.0
185,Brocoli Carrefour 500g,0.79,0.5,kg,0.5
186,Jamon cocido braseado Campofrio Finissimas sin gluten 115 g.,1.78,0.115,kg,0.115
187,Patata lavada Carrefour 5 Kg,2.95,5.0,kg,5.0
188,Brocoli Carrefour 500g,0.79,0.5,kg,0.5
189,Salmon ahumado noruego Royal 100 g.,4.59,0.1,kg,0.1
190,Paleta de cebo iberica 50% raza iberica en lonchas Carrefour 100 g.,3.99,0.1,kg,0.1
191,Patata lavada Carrefour 5 Kg,2.95,5.0,kg,5.0
192,Brocoli Carrefour 500g,0.79,0.5,kg,0.5
193,Gambon extra grande crudo Carrefour 700 g.,8.15,0.7,kg,0.7
194,Patata lavada Carrefour 5 Kg,2.95,5.0,kg,5.0
195,Brocoli Carrefour 500g,0.79,0.5,kg,0.5
196,Solomillo de cerdo al romero El Pozo Extratiernos 500 g aprox,4.47,0.499,kg,0.499
197,Chuleton de vacuno 1 Kg aproxTipo de corte:Filete grueso 2 cm,11.89,1.0,kg,1.0
198,Patata lavada Carrefour 5 Kg,2.95,5.0,kg,5.0
199,Brocoli Carrefour 500g,0.79,0.5,kg,0.5
200,Queso rallado mozzarella Arla 150 g.,2.39,0.15,kg,0.15
201,Patata lavada Carrefour 5 Kg,2.95,5.0,kg,5.0
202,Brocoli Carrefour 500g,0.79,0.5,kg,0.5
203,Langostino cocido extra Pescanova 800 g.,13.99,0.8,kg,0.8
204,Patata lavada Carrefour 5 Kg,2.95,5.0,kg,5.0
205,Brocoli Carrefour 500g,0.79,0.5,kg,0.5
206,Queso tierno en lonchas El Ventero 200 g.,3.2,0.2,kg,0.2
207,Masa para empanada Buitoni sin lactosa 280 g.,2.5,0.28,kg,0.28
208,Jamon de cebo iberico 50% raza iberica El Lujo sin lactosa pieza de 7 kg,105.0,7.5,kg,7.5
209,Berlinas bombon Donuts 8 ud.,3.59,0.44,kg,0.44
210,Patata lavada Carrefour 5 Kg,2.95,5.0,kg,5.0
211,Brocoli Carrefour 500g,0.79,0.5,kg,0.5
212,Lomo de cerdo al ajillo fileteado Carrefour 650 g aprox,4.22,0.65,kg,0.65
213,Langostino extra crudo Pescanova 800 g.,13.99,0.8,kg,0.8
214,Patata lavada Carrefour 5 Kg,2.95,5.0,kg,5.0
215,Brocoli Carrefour 500g,0.79,0.5,kg,0.5
216,Patata lavada Carrefour 5 Kg,2.95,5.0,kg,5.0
217,Brocoli Carrefour 500g,0.79,0.5,kg,0.5
218,Queso rallado Grana Padano Galbani 60 g.,1.56,0.06,kg,0.06
219,Finas del mar con gambas al ajillo 175 g,1.19,0.175,kg,0.175
220,Salmon noruego Carrefour 100 g. ,2.95,0.1,kg,0.1
221,Paleta de cebo iberica curada 50% raza iberica semideshuesada Serie Oro ElPozo pieza 4.5 kg aprox,49.0,4.0,kg,4.0
223,Solomillo de salmon ahumado noruego carrefour Seleccion 150 g.,5.95,0.15,kg,0.15
224,Cerveza Cruzcampo Pilsen botella 1 l.,1.0,1.0,L,1.0
225,Agua mineral con gas Perrier natural 50 cl.,0.84,0.5,L,0.5
226,Cerveza Alhambra reserva pack de 6 botellas de 33 cl.+ copa ,8.29,1.979,L,1.979
227,Cerveza Alhambra Reserva 1925 pack de 12 botellas de 33 cl.,11.49,3.962,L,3.962
228,Cerveza Mahou Clasica pack de 28 latas de 33 cl.,11.95,9.264,L,9.264
229,Coca Cola zero azucar zero cafeina pack 4 botellas 2 l.,6.24,8.0,L,8.0
230,Coca Cola pack 4 botellas 2 l.,6.24,8.0,L,8.0
231,Agua mineral Font Vella 50 cl.,0.53,0.5,L,0.5
232,Cerveza Alhambra Reserva 1925 pack de 12 botellas de 33 cl.,11.49,3.962,L,3.962
233,Cerveza Mahou Clasica pack de 28 latas de 33 cl.,11.95,9.264,L,9.264
234,Coca Cola zero azucar zero cafeina pack 4 botellas 2 l.,6.24,8.0,L,8.0
235,Coca Cola pack 4 botellas 2 l.,6.24,8.0,L,8.0
236,Agua mineral Font Vella 50 cl.,0.53,0.5,L,0.5
237,Monster Energy ultra red zero azucar bebida energetica lata 50 cl.,1.15,0.5,L,0.5
238,Cerveza Alhambra Reserva 1925 pack de 12 botellas de 33 cl.,11.49,3.962,L,3.962
239,Cerveza Mahou Clasica pack de 28 latas de 33 cl.,11.95,9.264,L,9.264
240,Coca Cola zero azucar zero cafeina pack 4 botellas 2 l.,6.24,8.0,L,8.0
241,Coca Cola pack 4 botellas 2 l.,6.24,8.0,L,8.0
242,Agua mineral Font Vella 50 cl.,0.53,0.5,L,0.5
243,Bach Extrisimo Blanco 2020,3.7,1.0,ud,1.0
244,Cerveza Alhambra Reserva 1925 pack de 12 botellas de 33 cl.,11.49,3.962,L,3.962
245,Cerveza Mahou Clasica pack de 28 latas de 33 cl.,11.95,9.264,L,9.264
246,Coca Cola zero azucar zero cafeina pack 4 botellas 2 l.,6.24,8.0,L,8.0
247,Coca Cola pack 4 botellas 2 l.,6.24,8.0,L,8.0
248,Agua mineral Font Vella 50 cl.,0.53,0.5,L,0.5
249,Cerveza rubia Amstel 100% malta botella 1 l.,1.0,1.0,L,1.0
250,Cerveza Budweiser Lager pack de 10 latas de 33 cl.,5.35,3.302,L,3.302
251,Cerveza Alhambra Reserva 1925 pack de 12 botellas de 33 cl.,11.49,3.962,L,3.962
252,Cerveza Mahou Clasica pack de 28 latas de 33 cl.,11.95,9.264,L,9.264
253,Coca Cola zero azucar zero cafeina pack 4 botellas 2 l.,6.24,8.0,L,8.0
254,Coca Cola pack 4 botellas 2 l.,6.24,8.0,L,8.0
255,Agua mineral Font Vella 50 cl.,0.53,0.5,L,0.5
256,Monster Energy Ultra Fiesta Mango bebida energetica lata 50 cl.,1.15,0.5,L,0.5
257,Chuvia Godello Blanco 2020,3.85,1.0,ud,1.0
258,Estuche 2 Bot. Juve & Camps Reserva De La FamiliaCava 2017,29.9,1.0,ud,1.0
259,Cerveza Alhambra Reserva 1925 pack de 12 botellas de 33 cl.,11.49,3.962,L,3.962
260,Cerveza Mahou Clasica pack de 28 latas de 33 cl.,11.95,9.264,L,9.264
261,Coca Cola zero azucar zero cafeina pack 4 botellas 2 l.,6.24,8.0,L,8.0
262,Coca Cola pack 4 botellas 2 l.,6.24,8.0,L,8.0
263,Agua mineral Font Vella 50 cl.,0.53,0.5,L,0.5
264,Marques De Riscal Verdejo Blanco 2021,7.4,1.0,ud,1.0
265,Red Bull bebida energetica pack de 8 latas de 25 cl.,7.29,2.003,L,2.003
266,Monster Energy Ultra Paradise bebida energetica lata 50 cl.,1.15,0.5,L,0.5
267,Cerveza Alhambra Reserva 1925 pack de 12 botellas de 33 cl.,11.49,3.962,L,3.962
268,Cerveza Mahou Clasica pack de 28 latas de 33 cl.,11.95,9.264,L,9.264
269,Coca Cola zero azucar zero cafeina pack 4 botellas 2 l.,6.24,8.0,L,8.0
270,Coca Cola pack 4 botellas 2 l.,6.24,8.0,L,8.0
271,Agua mineral Font Vella 50 cl.,0.53,0.5,L,0.5
272,Cerveza Alhambra Reserva 1925 pack de 12 botellas de 33 cl.,11.49,3.962,L,3.962
273,Cerveza Mahou Clasica pack de 28 latas de 33 cl.,11.95,9.264,L,9.264
274,Coca Cola zero azucar zero cafeina pack 4 botellas 2 l.,6.24,8.0,L,8.0
275,Coca Cola pack 4 botellas 2 l.,6.24,8.0,L,8.0
276,Agua mineral Font Vella 50 cl.,0.53,0.5,L,0.5
277,Celeste Tinto Roble 2020,7.99,1.0,ud,1.0
278,Cerveza rubia Cruzcampo Pilsen lata 50 cl.,0.8,0.5,L,0.5
279,Cerveza Alhambra Reserva 1925 pack de 12 botellas de 33 cl.,11.49,3.962,L,3.962
280,Cerveza Mahou Clasica pack de 28 latas de 33 cl.,11.95,9.264,L,9.264
281,Coca Cola zero azucar zero cafeina pack 4 botellas 2 l.,6.24,8.0,L,8.0
282,Coca Cola pack 4 botellas 2 l.,6.24,8.0,L,8.0
283,Agua mineral Font Vella 50 cl.,0.53,0.5,L,0.5
284,Cerveza Desperados sabor tequila lata 50 cl.,1.54,0.5,L,0.5
285,Cerveza Alhambra Reserva 1925 pack de 12 botellas de 33 cl.,11.49,3.962,L,3.962
286,Cerveza Mahou Clasica pack de 28 latas de 33 cl.,11.95,9.264,L,9.264
287,Coca Cola zero azucar zero cafeina pack 4 botellas 2 l.,6.24,8.0,L,8.0
288,Coca Cola pack 4 botellas 2 l.,6.24,8.0,L,8.0
289,Agua mineral Font Vella 50 cl.,0.53,0.5,L,0.5
290,Cerveza Alhambra Reserva 1925 pack de 12 botellas de 33 cl.,11.49,3.962,L,3.962
291,Cerveza Mahou Clasica pack de 28 latas de 33 cl.,11.95,9.264,L,9.264
292,Coca Cola zero azucar zero cafeina pack 4 botellas 2 l.,6.24,8.0,L,8.0
293,Coca Cola pack 4 botellas 2 l.,6.24,8.0,L,8.0
294,Agua mineral Font Vella 50 cl.,0.53,0.5,L,0.5
295,Cardhu Whisky,23.49,0.7,L,0.7
296,Agua mineral con gas Perrier sabor lima 50 cl.,0.84,0.5,L,0.5
297,Cerveza Alhambra Reserva 1925 pack de 12 botellas de 33 cl.,11.49,3.962,L,3.962
298,Cerveza Mahou Clasica pack de 28 latas de 33 cl.,11.95,9.264,L,9.264
299,Coca Cola zero azucar zero cafeina pack 4 botellas 2 l.,6.24,8.0,L,8.0
300,Coca Cola pack 4 botellas 2 l.,6.24,8.0,L,8.0
301,Agua mineral Font Vella 50 cl.,0.53,0.5,L,0.5
302,Vino D.O. Penedes blanco semidulce 3 Reinos 75 cl.,2.15,1.0,ud,1.0
303,Cerveza Alhambra Reserva 1925 pack de 12 botellas de 33 cl.,11.49,3.962,L,3.962
304,Cerveza Mahou Clasica pack de 28 latas de 33 cl.,11.95,9.264,L,9.264
305,Coca Cola zero azucar zero cafeina pack 4 botellas 2 l.,6.24,8.0,L,8.0
306,Coca Cola pack 4 botellas 2 l.,6.24,8.0,L,8.0
307,Agua mineral Font Vella 50 cl.,0.53,0.5,L,0.5
308,Cerveza Desperados sabor mojito lata 50 cl.,1.55,0.5,L,0.5
309,Cune Tinto 2018,13.09,1.0,ud,1.0
310,Cerveza Alhambra Reserva 1925 pack de 12 botellas de 33 cl.,11.49,3.962,L,3.962
311,Cerveza Mahou Clasica pack de 28 latas de 33 cl.,11.95,9.264,L,9.264
312,Coca Cola zero azucar zero cafeina pack 4 botellas 2 l.,6.24,8.0,L,8.0
313,Coca Cola pack 4 botellas 2 l.,6.24,8.0,L,8.0
314,Agua mineral Font Vella 50 cl.,0.53,0.5,L,0.5
315,Cerveza Damm Navidad botella 66 cl.,1.99,0.659,L,0.659
316,Hacienda Lopez De Haro Tinto Crianza 2018,6.39,1.0,ud,1.0
317,Cerveza Alhambra Reserva 1925 pack de 12 botellas de 33 cl.,11.49,3.962,L,3.962
318,Cerveza Mahou Clasica pack de 28 latas de 33 cl.,11.95,9.264,L,9.264
319,Coca Cola zero azucar zero cafeina pack 4 botellas 2 l.,6.24,8.0,L,8.0
320,Coca Cola pack 4 botellas 2 l.,6.24,8.0,L,8.0
321,Agua mineral Font Vella 50 cl.,0.53,0.5,L,0.5
322,Monster Energy Monarch bebida energetica lata 500 ml.,1.15,0.5,L,0.5
323,Monster Energy MIXXD Punch bebida energetica lata 50 cl.,1.15,0.5,L,0.5
324,Cerveza Alhambra Reserva 1925 pack de 12 botellas de 33 cl.,11.49,3.962,L,3.962
325,Cerveza Mahou Clasica pack de 28 latas de 33 cl.,11.95,9.264,L,9.264
326,Coca Cola zero azucar zero cafeina pack 4 botellas 2 l.,6.24,8.0,L,8.0
327,Coca Cola pack 4 botellas 2 l.,6.24,8.0,L,8.0
328,Agua mineral Font Vella 50 cl.,0.53,0.5,L,0.5
329,Cerveza rubia Amstel 100% malta lata 50 cl.,0.85,0.5,L,0.5
330,Vina Esmeralda Blanco 2020,6.99,1.0,ud,1.0
331,Cerveza Alhambra Reserva 1925 pack de 12 botellas de 33 cl.,11.49,3.962,L,3.962
332,Cerveza Mahou Clasica pack de 28 latas de 33 cl.,11.95,9.264,L,9.264
333,Coca Cola zero azucar zero cafeina pack 4 botellas 2 l.,6.24,8.0,L,8.0
334,Coca Cola pack 4 botellas 2 l.,6.24,8.0,L,8.0
335,Agua mineral Font Vella 50 cl.,0.53,0.5,L,0.5
336,Cerveza Alhambra Reserva 1925 pack de 12 botellas de 33 cl.,11.49,3.962,L,3.962
337,Cerveza Mahou Clasica pack de 28 latas de 33 cl.,11.95,9.264,L,9.264
338,Coca Cola zero azucar zero cafeina pack 4 botellas 2 l.,6.24,8.0,L,8.0
339,Coca Cola pack 4 botellas 2 l.,6.24,8.0,L,8.0
340,Agua mineral Font Vella 50 cl.,0.53,0.5,L,0.5
341,Marques De Riscal Tinto 2017,14.3,1.0,ud,1.0
342,Cerveza Alhambra Reserva 1925 pack de 12 botellas de 33 cl.,11.49,3.962,L,3.962
343,Cerveza Mahou Clasica pack de 28 latas de 33 cl.,11.95,9.264,L,9.264
344,Coca Cola zero azucar zero cafeina pack 4 botellas 2 l.,6.24,8.0,L,8.0
345,Coca Cola pack 4 botellas 2 l.,6.24,8.0,L,8.0
346,Agua mineral Font Vella 50 cl.,0.53,0.5,L,0.5
348,Cerveza Alhambra Reserva 1925 pack de 12 botellas de 33 cl.,11.49,3.962,L,3.962
349,Cerveza Mahou Clasica pack de 28 latas de 33 cl.,11.95,9.264,L,9.264
350,Coca Cola zero azucar zero cafeina pack 4 botellas 2 l.,6.24,8.0,L,8.0
351,Coca Cola pack 4 botellas 2 l.,6.24,8.0,L,8.0
352,Agua mineral Font Vella 50 cl.,0.53,0.5,L,0.5
353,Cerveza Alhambra Reserva 1925 pack de 12 botellas de 33 cl.,11.49,3.962,L,3.962
354,Cerveza Mahou Clasica pack de 28 latas de 33 cl.,11.95,9.264,L,9.264
355,Coca Cola zero azucar zero cafeina pack 4 botellas 2 l.,6.24,8.0,L,8.0
356,Coca Cola pack 4 botellas 2 l.,6.24,8.0,L,8.0
357,Agua mineral Font Vella 50 cl.,0.53,0.5,L,0.5
358,Monster Ripper bebida energetica lata 50 cl.,1.15,0.5,L,0.5
359,Cerveza Alhambra Reserva 1925 pack de 12 botellas de 33 cl.,11.49,3.962,L,3.962
360,Cerveza Mahou Clasica pack de 28 latas de 33 cl.,11.95,9.264,L,9.264
361,Coca Cola zero azucar zero cafeina pack 4 botellas 2 l.,6.24,8.0,L,8.0
362,Coca Cola pack 4 botellas 2 l.,6.24,8.0,L,8.0
363,Agua mineral Font Vella 50 cl.,0.53,0.5,L,0.5
364,Cerveza Alhambra Reserva 1925 pack de 12 botellas de 33 cl.,11.49,3.962,L,3.962
365,Cerveza Mahou Clasica pack de 28 latas de 33 cl.,11.95,9.264,L,9.264
366,Coca Cola zero azucar zero cafeina pack 4 botellas 2 l.,6.24,8.0,L,8.0
367,Coca Cola pack 4 botellas 2 l.,6.24,8.0,L,8.0
368,Agua mineral Font Vella 50 cl.,0.53,0.5,L,0.5
369,Anna De Codorniu Brut Ecologico Cava Reserva,8.49,1.0,ud,1.0
370,Cerveza Alhambra Reserva 1925 pack de 12 botellas de 33 cl.,11.49,3.962,L,3.962
371,Cerveza Mahou Clasica pack de 28 latas de 33 cl.,11.95,9.264,L,9.264
372,Coca Cola zero azucar zero cafeina pack 4 botellas 2 l.,6.24,8.0,L,8.0
373,Coca Cola pack 4 botellas 2 l.,6.24,8.0,L,8.0
374,Agua mineral Font Vella 50 cl.,0.53,0.5,L,0.5
375,Caja 4 Bot.Protos Crianza Tinto 2017,59.0,1.0,ud,1.0
376,Monster Energy Pacific Punch bebida energetica lata 50 cl.,1.15,0.5,L,0.5
377,Vina Pomal Tinto Crianza 2017,7.7,1.0,ud,1.0
378,Cerveza Alhambra Reserva 1925 pack de 12 botellas de 33 cl.,11.49,3.962,L,3.962
379,Cerveza Mahou Clasica pack de 28 latas de 33 cl.,11.95,9.264,L,9.264
380,Coca Cola zero azucar zero cafeina pack 4 botellas 2 l.,6.24,8.0,L,8.0
381,Coca Cola pack 4 botellas 2 l.,6.24,8.0,L,8.0
382,Agua mineral Font Vella 50 cl.,0.53,0.5,L,0.5
383,Vino de la Tierra de Castilla blanco chardonnay Vina Lobon 75 cl.,1.55,1.0,ud,1.0
384,Cerveza Alhambra Reserva 1925 pack de 12 botellas de 33 cl.,11.49,3.962,L,3.962
385,Cerveza Mahou Clasica pack de 28 latas de 33 cl.,11.95,9.264,L,9.264
386,Coca Cola zero azucar zero cafeina pack 4 botellas 2 l.,6.24,8.0,L,8.0
387,Coca Cola pack 4 botellas 2 l.,6.24,8.0,L,8.0
388,Agua mineral Font Vella 50 cl.,0.53,0.5,L,0.5
389,Matarromera Tinto Crianza 2018,18.49,1.0,ud,1.0
390,Portia Tinto Roble 2019,6.85,1.0,ud,1.0
391,Cerveza Alhambra Reserva 1925 pack de 12 botellas de 33 cl.,11.49,3.962,L,3.962
392,Cerveza Mahou Clasica pack de 28 latas de 33 cl.,11.95,9.264,L,9.264
393,Coca Cola zero azucar zero cafeina pack 4 botellas 2 l.,6.24,8.0,L,8.0
394,Coca Cola pack 4 botellas 2 l.,6.24,8.0,L,8.0
395,Agua mineral Font Vella 50 cl.,0.53,0.5,L,0.5
396,Roku Ginebra,20.9,0.7,L,0.7
397,Cerveza Alhambra Reserva 1925 pack de 12 botellas de 33 cl.,11.49,3.962,L,3.962
398,Cerveza Mahou Clasica pack de 28 latas de 33 cl.,11.95,9.264,L,9.264
399,Coca Cola zero azucar zero cafeina pack 4 botellas 2 l.,6.24,8.0,L,8.0
400,Coca Cola pack 4 botellas 2 l.,6.24,8.0,L,8.0
401,Agua mineral Font Vella 50 cl.,0.53,0.5,L,0.5
402,Vino oloroso criaderas y soleras Cortijo de Ceret D.O. Jerez-Xeres-Sherry 75 cl.,3.75,1.0,ud,1.0
403,Cerveza Alhambra Reserva 1925 pack de 12 botellas de 33 cl.,11.49,3.962,L,3.962
404,Cerveza Mahou Clasica pack de 28 latas de 33 cl.,11.95,9.264,L,9.264
405,Coca Cola zero azucar zero cafeina pack 4 botellas 2 l.,6.24,8.0,L,8.0
406,Coca Cola pack 4 botellas 2 l.,6.24,8.0,L,8.0
407,Agua mineral Font Vella 50 cl.,0.53,0.5,L,0.5
408,Cerveza Alhambra Reserva 1925 pack de 12 botellas de 33 cl.,11.49,3.962,L,3.962
409,Cerveza Mahou Clasica pack de 28 latas de 33 cl.,11.95,9.264,L,9.264
410,Coca Cola zero azucar zero cafeina pack 4 botellas 2 l.,6.24,8.0,L,8.0
411,Coca Cola pack 4 botellas 2 l.,6.24,8.0,L,8.0
412,Agua mineral Font Vella 50 cl.,0.53,0.5,L,0.5
413,Le Naturel Tinto 2020,7.95,1.0,ud,1.0
414,Emilio Moro Tinto 2018,18.17,1.0,ud,1.0
415,Monster mule bebida energetica lata 50 cl.,1.15,0.5,L,0.5
416,Vino frizante blanco Patacona 75 cl.,2.49,1.0,ud,1.0
417,Cerveza Alhambra Reserva 1925 pack de 12 botellas de 33 cl.,11.49,3.962,L,3.962
418,Cerveza Mahou Clasica pack de 28 latas de 33 cl.,11.95,9.264,L,9.264
419,Coca Cola zero azucar zero cafeina pack 4 botellas 2 l.,6.24,8.0,L,8.0
420,Coca Cola pack 4 botellas 2 l.,6.24,8.0,L,8.0
421,Agua mineral Font Vella 50 cl.,0.53,0.5,L,0.5
422,Dentifrico original 24h de proteccion completa Total Colgate 75 ml.,2.47,0.075,L,0.751
423,Tampones Pearl super plus Tampax 24 ud.,4.25,23.611,ud,23.611
424,Tampones super con aplicador PearlTampax 24 ud.,4.25,23.611,ud,23.611
425,Gel de ducha leche y miel limpia y suaviza para todo tipo de pieles Carrefour 1.5 l.,1.89,1.454,L,14.538
426,Champu hidratacion intensa para cabello seco a danado Tresemme 855 ml.,4.75,0.848,L,8.482
427,Gel de ducha Moussel 600 ml.,2.85,0.594,L,5.938
428,Dentifrico proteccion profesional Pro-Expert Oral-B 75 ml.,3.25,0.075,L,0.751
429,Dentifrico blanqueador para dientes mas blancos al instante Max White Optic Colgate 75 ml.,2.29,0.075,L,0.751
430,Dentifrico original 24h de proteccion completa Total Colgate 75 ml.,2.47,0.075,L,0.751
431,Compresas con alas para noche LibertyEvax 9 ud.,2.55,9.107,ud,9.107
432,Gel de ducha clasico Moussel 900 ml.,4.09,0.909,L,9.089
433,Gel de ducha Moussel 600 ml.,2.85,0.594,L,5.938
434,Dentifrico proteccion profesional Pro-Expert Oral-B 75 ml.,3.25,0.075,L,0.751
435,Dentifrico blanqueador para dientes mas blancos al instante Max White Optic Colgate 75 ml.,2.29,0.075,L,0.751
436,Dentifrico original 24h de proteccion completa Total Colgate 75 ml.,2.47,0.075,L,0.751
437,Dentifrico 2 en 1 menta fresca Licor del Polo 75 ml.,1.7,0.075,L,0.749
438,Desodorante roll-on Original con vitaminas E y F Dove pack de 2 unidades de 50 ml.,2.99,0.1,L,1.0
439,Dentifrico con ingredientes antibacterianos 24h de proteccion completa Total Encias Sanas Colgate 75 ml.,2.69,0.075,L,0.749
440,Gel de ducha Moussel 600 ml.,2.85,0.594,L,5.938
441,Dentifrico proteccion profesional Pro-Expert Oral-B 75 ml.,3.25,0.075,L,0.751
442,Dentifrico blanqueador para dientes mas blancos al instante Max White Optic Colgate 75 ml.,2.29,0.075,L,0.751
443,Dentifrico original 24h de proteccion completa Total Colgate 75 ml.,2.47,0.075,L,0.751
444,Gel de ducha Marine Magno 650 ml.,3.19,0.651,L,6.51
445,Gel de ducha leche Carrefour 1500 ml.,1.89,1.454,L,14.538
446,Dentifrico perfeccion blanqueamiento avanzado 3D White Luxe Carbon Oral-B 75 ml.,3.39,0.075,L,0.75
447,Gel de ducha Moussel 600 ml.,2.85,0.594,L,5.938
448,Dentifrico proteccion profesional Pro-Expert Oral-B 75 ml.,3.25,0.075,L,0.751
449,Dentifrico blanqueador para dientes mas blancos al instante Max White Optic Colgate 75 ml.,2.29,0.075,L,0.751
450,Dentifrico original 24h de proteccion completa Total Colgate 75 ml.,2.47,0.075,L,0.751
451,Gel de ducha hidratante de coco Carrefour 1500 ml.,1.89,1.454,L,14.538
452,Gel series piel sensible Gillette 200 ml.,2.79,0.201,L,2.007
453,Gel de ducha Moussel 600 ml.,2.85,0.594,L,5.938
454,Dentifrico proteccion profesional Pro-Expert Oral-B 75 ml.,3.25,0.075,L,0.751
455,Dentifrico blanqueador para dientes mas blancos al instante Max White Optic Colgate 75 ml.,2.29,0.075,L,0.751
456,Dentifrico original 24h de proteccion completa Total Colgate 75 ml.,2.47,0.075,L,0.751
457,Champu fresco y fuerte para cabello debil y pagado con extracto de hierbas alpinas Timotei 750 ml.,3.7,0.755,L,7.551
458,Gel de ducha Moussel 600 ml.,2.85,0.594,L,5.938
459,Dentifrico proteccion profesional Pro-Expert Oral-B 75 ml.,3.25,0.075,L,0.751
460,Dentifrico blanqueador para dientes mas blancos al instante Max White Optic Colgate 75 ml.,2.29,0.075,L,0.751
461,Dentifrico original 24h de proteccion completa Total Colgate 75 ml.,2.47,0.075,L,0.751
462,Desodorante stick con crema antitranspirante 24h original Dove 50 ml.,2.05,0.05,L,0.5
463,Gel de ducha Moussel 600 ml.,2.85,0.594,L,5.938
464,Dentifrico proteccion profesional Pro-Expert Oral-B 75 ml.,3.25,0.075,L,0.751
465,Dentifrico blanqueador para dientes mas blancos al instante Max White Optic Colgate 75 ml.,2.29,0.075,L,0.751
466,Dentifrico original 24h de proteccion completa Total Colgate 75 ml.,2.47,0.075,L,0.751
467,Toallitas desmaquillantes hidratantes para pieles secas y sensibles Diadermine 20 ud.,2.1,19.091,ud,19.091
468,Gel de ducha Black Energy Magno 650 ml.,3.29,0.645,L,6.451
469,Mascarilla capilar Nutri Rizos Contouring para cabello rizado u ondulado Garnier-Fructis 300 ml.,3.79,0.301,L,3.008
470,Gel de ducha Moussel 600 ml.,2.85,0.594,L,5.938
471,Dentifrico proteccion profesional Pro-Expert Oral-B 75 ml.,3.25,0.075,L,0.751
472,Dentifrico blanqueador para dientes mas blancos al instante Max White Optic Colgate 75 ml.,2.29,0.075,L,0.751
473,Dentifrico original 24h de proteccion completa Total Colgate 75 ml.,2.47,0.075,L,0.751
474,Gel de ducha dermo hidratante Douche CrÃ¨me Moussel 600 ml.,2.85,0.594,L,5.938
475,Desodorante roll-on tropical MotionSense Rexona 50 ml.,1.93,0.05,L,0.5
476,Champu Repara & Protege para cabellos debil o danado Pantene 1000 ml.,8.59,0.999,L,9.988
477,Agua micelar clasica para pieles normales todo en uno Garnier Skin Active 400 ml.,4.5,0.402,L,4.018
478,Gel de ducha dermo hidratante Douche CrÃ¨me Moussel 900 ml.,4.09,0.909,L,9.089
479,Gel de ducha Moussel 600 ml.,2.85,0.594,L,5.938
480,Dentifrico proteccion profesional Pro-Expert Oral-B 75 ml.,3.25,0.075,L,0.751
481,Dentifrico blanqueador para dientes mas blancos al instante Max White Optic Colgate 75 ml.,2.29,0.075,L,0.751
482,Dentifrico original 24h de proteccion completa Total Colgate 75 ml.,2.47,0.075,L,0.751
483,Dentifrico accion antiplaca bacteriana con clorofila Licor del Polo pack de 2 unidades de 75 ml.,3.15,0.15,L,1.5
484,Desodorante roll-on invisible dry Dove pack de 2 unidades de 50 ml.,2.99,0.1,L,1.0
485,Gel de ducha Moussel 600 ml.,2.85,0.594,L,5.938
486,Dentifrico proteccion profesional Pro-Expert Oral-B 75 ml.,3.25,0.075,L,0.751
487,Dentifrico blanqueador para dientes mas blancos al instante Max White Optic Colgate 75 ml.,2.29,0.075,L,0.751
488,Dentifrico original 24h de proteccion completa Total Colgate 75 ml.,2.47,0.075,L,0.751
489,Champu liso keratina con aceite de marula Tresemme 685 ml.,4.75,0.688,L,6.884
490,Gel de ducha Moussel 600 ml.,2.85,0.594,L,5.938
491,Dentifrico proteccion profesional Pro-Expert Oral-B 75 ml.,3.25,0.075,L,0.751
492,Dentifrico blanqueador para dientes mas blancos al instante Max White Optic Colgate 75 ml.,2.29,0.075,L,0.751
493,Dentifrico original 24h de proteccion completa Total Colgate 75 ml.,2.47,0.075,L,0.751
494,Maquinilla afeitar desechable Extra II piel sensible Wilkinson 10 ud.,5.1,10.0,ud,10.0
495,Desodorante roll-on para hombre Cobalt anti-transpirante Rexona 50 ml.,1.93,0.05,L,0.5
496,Dentifrico blanqueador Max White Carbon Colgate 75 ml.,2.89,0.075,L,0.751
497,Gel de ducha Moussel 600 ml.,2.85,0.594,L,5.938
498,Dentifrico proteccion profesional Pro-Expert Oral-B 75 ml.,3.25,0.075,L,0.751
499,Dentifrico blanqueador para dientes mas blancos al instante Max White Optic Colgate 75 ml.,2.29,0.075,L,0.751
500,Dentifrico original 24h de proteccion completa Total Colgate 75 ml.,2.47,0.075,L,0.751
501,Crema sin aclarado capilar Nutri Rizos Contouring para cabello rizado u ondulado Garnier-Fructis 400 ml.,4.35,0.399,L,3.991
502,Gel de ducha Moussel 600 ml.,2.85,0.594,L,5.938
503,Dentifrico proteccion profesional Pro-Expert Oral-B 75 ml.,3.25,0.075,L,0.751
504,Dentifrico blanqueador para dientes mas blancos al instante Max White Optic Colgate 75 ml.,2.29,0.075,L,0.751
505,Dentifrico original 24h de proteccion completa Total Colgate 75 ml.,2.47,0.075,L,0.751
506,Mascarilla facial de tela Hydra Bomb hidratante revitalizante con acido hialuronico y granada antioxidante SkinActive Mask Tissu Garnier 1 ud.,2.2,1.0,ud,1.0
507,Acondicionador fortificante Nutri Rizos Contouring para cabello rizado u ondulado Garnier-Fructis 690 ml.,3.39,0.3,L,3.0
508,Gel de ducha Moussel 600 ml.,2.85,0.594,L,5.938
509,Dentifrico proteccion profesional Pro-Expert Oral-B 75 ml.,3.25,0.075,L,0.751
510,Dentifrico blanqueador para dientes mas blancos al instante Max White Optic Colgate 75 ml.,2.29,0.075,L,0.751
511,Dentifrico original 24h de proteccion completa Total Colgate 75 ml.,2.47,0.075,L,0.751
512,Cepillo de dientes medio eliminacion de manchas de doble accion Max White Expert White Colgate 1 ud.,3.6,1.0,ud,1.0
513,Mascarilla capilar 3 en 1 Hair Food aloe vera hidratante para cabello normal Garnier-Fructis 390 ml.,4.45,0.39,L,3.904
514,Dentifrico proteccion antimanchas 24h 3D White Luxe Carbon Oral-B 75 ml.,3.39,0.075,L,0.75
515,Gel de ducha Moussel 600 ml.,2.85,0.594,L,5.938
516,Dentifrico proteccion profesional Pro-Expert Oral-B 75 ml.,3.25,0.075,L,0.751
517,Dentifrico blanqueador para dientes mas blancos al instante Max White Optic Colgate 75 ml.,2.29,0.075,L,0.751
518,Dentifrico original 24h de proteccion completa Total Colgate 75 ml.,2.47,0.075,L,0.751
519,Gel de ducha Moussel 600 ml.,2.85,0.594,L,5.938
520,Dentifrico proteccion profesional Pro-Expert Oral-B 75 ml.,3.25,0.075,L,0.751
521,Dentifrico blanqueador para dientes mas blancos al instante Max White Optic Colgate 75 ml.,2.29,0.075,L,0.751
522,Dentifrico original 24h de proteccion completa Total Colgate 75 ml.,2.47,0.075,L,0.751
523,Gel de ducha Moussel 600 ml.,2.85,0.594,L,5.938
524,Dentifrico proteccion profesional Pro-Expert Oral-B 75 ml.,3.25,0.075,L,0.751
525,Dentifrico blanqueador para dientes mas blancos al instante Max White Optic Colgate 75 ml.,2.29,0.075,L,0.751
526,Dentifrico original 24h de proteccion completa Total Colgate 75 ml.,2.47,0.075,L,0.751
527,Desodorante stick para hombre Captain Old Spice 50 ml.,3.35,0.05,L,0.5
528,Gel de ducha Moussel 600 ml.,2.85,0.594,L,5.938
529,Dentifrico proteccion profesional Pro-Expert Oral-B 75 ml.,3.25,0.075,L,0.751
530,Dentifrico blanqueador para dientes mas blancos al instante Max White Optic Colgate 75 ml.,2.29,0.075,L,0.751
531,Dentifrico original 24h de proteccion completa Total Colgate 75 ml.,2.47,0.075,L,0.751
532,Desodorante stick para hombre Original Old Spice 50 ml.,3.35,0.05,L,0.5
533,Champu fortificante arginina resist x3 para cabello fragil L'Oreal-Elvive 690 ml.,6.69,0.69,L,6.897
534,Champu anti-encrespamiento con biotina. extracto de flor de cactus y aceite de argan Adios Frizz Miracles Pantene Pro-V 225 ml.,3.99,0.225,L,2.254
535,Gel de ducha Moussel 600 ml.,2.85,0.594,L,5.938
536,Dentifrico proteccion profesional Pro-Expert Oral-B 75 ml.,3.25,0.075,L,0.751
537,Dentifrico blanqueador para dientes mas blancos al instante Max White Optic Colgate 75 ml.,2.29,0.075,L,0.751
538,Dentifrico original 24h de proteccion completa Total Colgate 75 ml.,2.47,0.075,L,0.751
539,Acondicionador para cabello debil o danado Repara & Protege Pantene 675 ml.,7.06,0.672,L,6.724
540,Acondicionador anti-encrespamiento Adios Frizz Pantene Pro-V Miracles 200 ml.,3.99,0.2,L,2.005
541,Gel de ducha Moussel 600 ml.,2.85,0.594,L,5.938
542,Dentifrico proteccion profesional Pro-Expert Oral-B 75 ml.,3.25,0.075,L,0.751
543,Dentifrico blanqueador para dientes mas blancos al instante Max White Optic Colgate 75 ml.,2.29,0.075,L,0.751
544,Dentifrico original 24h de proteccion completa Total Colgate 75 ml.,2.47,0.075,L,0.751
545,Champu reparador para el pelo danado Total Repair 5Elvive L'Oreal Paris 690 ml.,6.69,0.69,L,6.897
546,Champu repara & suaviza extra aloe + hemp bio:renew Herbal Essences 380 ml.,4.99,0.381,L,3.809
547,Gel de ducha Moussel 600 ml.,2.85,0.594,L,5.938
548,Dentifrico proteccion profesional Pro-Expert Oral-B 75 ml.,3.25,0.075,L,0.751
549,Dentifrico blanqueador para dientes mas blancos al instante Max White Optic Colgate 75 ml.,2.29,0.075,L,0.751
550,Dentifrico original 24h de proteccion completa Total Colgate 75 ml.,2.47,0.075,L,0.751
551,Desodorante roll-on original 0% sales de aluminio Dove 50 ml.,2.45,0.05,L,0.5
552,Gel limpiador de poros y exfoliante facial 3 en 1 Skin Active Pure Active Carbon Garnier 150 ml.,5.45,0.05,L,0.5
553,Desodorante stick crema confidence Maximum Protection Rexona 45 ml.,4.95,0.045,L,0.45
554,Desodorante stick original antitranspirante 48h Dove 40 ml.,3.29,0.04,L,0.4
555,Gel de ducha Moussel 600 ml.,2.85,0.594,L,5.938
556,Dentifrico proteccion profesional Pro-Expert Oral-B 75 ml.,3.25,0.075,L,0.751
557,Dentifrico blanqueador para dientes mas blancos al instante Max White Optic Colgate 75 ml.,2.29,0.075,L,0.751
558,Dentifrico original 24h de proteccion completa Total Colgate 75 ml.,2.47,0.075,L,0.751
559,Acondicionador para rizos encrespados Rizos Definidos Pantene Pro-V 675 ml.,7.06,0.672,L,6.724
560,Acondicionador para cabello encrespado o apagado Suave & Liso Pantene Pro-V 675 ml.,7.06,0.672,L,6.724
561,Acondicionador Repara & Protege para cabello debil o danado Pantene Pro-V 1000 ml.,9.69,0.999,L,9.99
562,Gel de ducha Moussel 600 ml.,2.85,0.594,L,5.938
563,Dentifrico proteccion profesional Pro-Expert Oral-B 75 ml.,3.25,0.075,L,0.751
564,Dentifrico blanqueador para dientes mas blancos al instante Max White Optic Colgate 75 ml.,2.29,0.075,L,0.751
565,Dentifrico original 24h de proteccion completa Total Colgate 75 ml.,2.47,0.075,L,0.751
567,Desodorante en spray para hombre ice dive body Adidas 150 ml.,2.99,0.15,L,1.503
568,Gel de ducha Moussel 600 ml.,2.85,0.594,L,5.938
569,Dentifrico proteccion profesional Pro-Expert Oral-B 75 ml.,3.25,0.075,L,0.751
570,Dentifrico blanqueador para dientes mas blancos al instante Max White Optic Colgate 75 ml.,2.29,0.075,L,0.751
571,Dentifrico original 24h de proteccion completa Total Colgate 75 ml.,2.47,0.075,L,0.751
572,DESMA OJOS ESSENCIAL S.NAT 150,3.15,0.15,L,1.5
573,Gel de ducha Moussel 600 ml.,2.85,0.594,L,5.938
574,Dentifrico proteccion profesional Pro-Expert Oral-B 75 ml.,3.25,0.075,L,0.751
575,Dentifrico blanqueador para dientes mas blancos al instante Max White Optic Colgate 75 ml.,2.29,0.075,L,0.751
576,Dentifrico original 24h de proteccion completa Total Colgate 75 ml.,2.47,0.075,L,0.751
577,Acondicionador repara & suaviza extra aloe + hemp bio:renew Herbal Essences 275 ml.,4.99,0.276,L,2.757
578,Compresas incontinencia normal Indasec 24 ud.,5.45,23.696,ud,23.696
579,Desechable Blue II Plus Gillette 10 ud.,4.35,10.116,ud,10.116
580,Crema Hidratante Facial Te verde Garnier-Skin Naturals 50 ml.,5.19,0.05,L,0.5
581,Gel de ducha Moussel 600 ml.,2.85,0.594,L,5.938
582,Dentifrico proteccion profesional Pro-Expert Oral-B 75 ml.,3.25,0.075,L,0.751
583,Dentifrico blanqueador para dientes mas blancos al instante Max White Optic Colgate 75 ml.,2.29,0.075,L,0.751
584,Dentifrico original 24h de proteccion completa Total Colgate 75 ml.,2.47,0.075,L,0.751
585,Crema facial de dia formula con vitamina B3 y niacinamida 24H de hidratacion Regenerist Olay 50 ml.,26.5,0.05,L,0.5
586,Gel de ducha Moussel 600 ml.,2.85,0.594,L,5.938
587,Dentifrico proteccion profesional Pro-Expert Oral-B 75 ml.,3.25,0.075,L,0.751
588,Dentifrico blanqueador para dientes mas blancos al instante Max White Optic Colgate 75 ml.,2.29,0.075,L,0.751
589,Dentifrico original 24h de proteccion completa Total Colgate 75 ml.,2.47,0.075,L,0.751
590,Gel de ducha Moussel 600 ml.,2.85,0.594,L,5.938
591,Dentifrico proteccion profesional Pro-Expert Oral-B 75 ml.,3.25,0.075,L,0.751
592,Dentifrico blanqueador para dientes mas blancos al instante Max White Optic Colgate 75 ml.,2.29,0.075,L,0.751
593,Dentifrico original 24h de proteccion completa Total Colgate 75 ml.,2.47,0.075,L,0.751
594,Tratamiento intensivo en ampollas rescate para pelo danado Suave & Liso Pantene Pro-V 45 ml.,4.11,3.0,ud,3.0
595,Gel de ducha Moussel 600 ml.,2.85,0.594,L,5.938
596,Dentifrico proteccion profesional Pro-Expert Oral-B 75 ml.,3.25,0.075,L,0.751
597,Dentifrico blanqueador para dientes mas blancos al instante Max White Optic Colgate 75 ml.,2.29,0.075,L,0.751
598,Dentifrico original 24h de proteccion completa Total Colgate 75 ml.,2.47,0.075,L,0.751
599,Desodorante stick Men Cobalt Blue Rexona 50 ml.,3.59,0.05,L,0.5
600,Gel de ducha Moussel 600 ml.,2.85,0.594,L,5.938
601,Dentifrico proteccion profesional Pro-Expert Oral-B 75 ml.,3.25,0.075,L,0.751
602,Dentifrico blanqueador para dientes mas blancos al instante Max White Optic Colgate 75 ml.,2.29,0.075,L,0.751
603,Dentifrico original 24h de proteccion completa Total Colgate 75 ml.,2.47,0.075,L,0.751
604,Gel de ducha Moussel 600 ml.,2.85,0.594,L,5.938
605,Dentifrico proteccion profesional Pro-Expert Oral-B 75 ml.,3.25,0.075,L,0.751
606,Dentifrico blanqueador para dientes mas blancos al instante Max White Optic Colgate 75 ml.,2.29,0.075,L,0.751
607,Dentifrico original 24h de proteccion completa Total Colgate 75 ml.,2.47,0.075,L,0.751
608,Gel de ducha Moussel 600 ml.,2.85,0.594,L,5.938
609,Dentifrico proteccion profesional Pro-Expert Oral-B 75 ml.,3.25,0.075,L,0.751
610,Dentifrico blanqueador para dientes mas blancos al instante Max White Optic Colgate 75 ml.,2.29,0.075,L,0.751
611,Dentifrico original 24h de proteccion completa Total Colgate 75 ml.,2.47,0.075,L,0.751
612,Contorno de ojos para las ojeras. arrugas y bolsas Olay 15 ml.,26.3,0.015,L,0.15
613,Desodorante roll-on 6 en 1 Cool&Dry Adidas 50 ml.,2.05,0.05,L,0.5
614,Leche limpiadora suave para todo tipo de piel Diadermine 200 ml.,4.1,0.2,L,2.0
615,Gel de ducha Moussel 600 ml.,2.85,0.594,L,5.938
616,Dentifrico proteccion profesional Pro-Expert Oral-B 75 ml.,3.25,0.075,L,0.751
617,Dentifrico blanqueador para dientes mas blancos al instante Max White Optic Colgate 75 ml.,2.29,0.075,L,0.751
618,Dentifrico original 24h de proteccion completa Total Colgate 75 ml.,2.47,0.075,L,0.751
619,Crema facial hidratante de noche con retinol sin fragancia Regenerist Retinol24 Olay 50 ml.,30.45,0.05,L,0.5
620,Total efect 7 in one Antiedad hidratante SPF15 Olay 50 ml.,18.69,0.05,L,0.5
621,Gel de ducha Moussel 600 ml.,2.85,0.594,L,5.938
622,Dentifrico proteccion profesional Pro-Expert Oral-B 75 ml.,3.25,0.075,L,0.751
623,Dentifrico blanqueador para dientes mas blancos al instante Max White Optic Colgate 75 ml.,2.29,0.075,L,0.751
624,Dentifrico original 24h de proteccion completa Total Colgate 75 ml.,2.47,0.075,L,0.751
625,Gel de ducha Moussel 600 ml.,2.85,0.594,L,5.938
626,Dentifrico proteccion profesional Pro-Expert Oral-B 75 ml.,3.25,0.075,L,0.751
627,Dentifrico blanqueador para dientes mas blancos al instante Max White Optic Colgate 75 ml.,2.29,0.075,L,0.751
628,Dentifrico original 24h de proteccion completa Total Colgate 75 ml.,2.47,0.075,L,0.751
629,Gel de ducha Moussel 600 ml.,2.85,0.594,L,5.938
630,Dentifrico proteccion profesional Pro-Expert Oral-B 75 ml.,3.25,0.075,L,0.751
631,Dentifrico blanqueador para dientes mas blancos al instante Max White Optic Colgate 75 ml.,2.29,0.075,L,0.751
632,Dentifrico original 24h de proteccion completa Total Colgate 75 ml.,2.47,0.075,L,0.751
633,Serum facial de dia ultra reafirmante Regenerist Olay 50 ml.,24.4,0.05,L,0.5
634,Maquinillas desechables piel sensible Sensor3 Gillette 8 ud.,9.79,8.025,ud,8.025
635,Gel de ducha Moussel 600 ml.,2.85,0.594,L,5.938
636,Dentifrico proteccion profesional Pro-Expert Oral-B 75 ml.,3.25,0.075,L,0.751
637,Dentifrico blanqueador para dientes mas blancos al instante Max White Optic Colgate 75 ml.,2.29,0.075,L,0.751
638,Dentifrico original 24h de proteccion completa Total Colgate 75 ml.,2.47,0.075,L,0.751
639,Crema facial de dia sin perfume Regenerist Collagen Peptide24 Olay 50 ml.,34.99,0.05,L,0.5
640,Desodorante stick algodon Rexona 40 ml.,3.3,0.04,L,0.4
641,After Save Original Old Spice 100 ml.,7.8,0.1,L,1.0
642,Gel de ducha Moussel 600 ml.,2.85,0.594,L,5.938
643,Dentifrico proteccion profesional Pro-Expert Oral-B 75 ml.,3.25,0.075,L,0.751
644,Dentifrico blanqueador para dientes mas blancos al instante Max White Optic Colgate 75 ml.,2.29,0.075,L,0.751
645,Dentifrico original 24h de proteccion completa Total Colgate 75 ml.,2.47,0.075,L,0.751
646,Gel de ducha Moussel 600 ml.,2.85,0.594,L,5.938
647,Dentifrico proteccion profesional Pro-Expert Oral-B 75 ml.,3.25,0.075,L,0.751
648,Dentifrico blanqueador para dientes mas blancos al instante Max White Optic Colgate 75 ml.,2.29,0.075,L,0.751
649,Dentifrico original 24h de proteccion completa Total Colgate 75 ml.,2.47,0.075,L,0.751
650,Gel de ducha Moussel 600 ml.,2.85,0.594,L,5.938
651,Dentifrico proteccion profesional Pro-Expert Oral-B 75 ml.,3.25,0.075,L,0.751
652,Dentifrico blanqueador para dientes mas blancos al instante Max White Optic Colgate 75 ml.,2.29,0.075,L,0.751
653,Dentifrico original 24h de proteccion completa Total Colgate 75 ml.,2.47,0.075,L,0.751
654,Gel de ducha Moussel 600 ml.,2.85,0.594,L,5.938
655,Dentifrico proteccion profesional Pro-Expert Oral-B 75 ml.,3.25,0.075,L,0.751
656,Dentifrico blanqueador para dientes mas blancos al instante Max White Optic Colgate 75 ml.,2.29,0.075,L,0.751
657,Dentifrico original 24h de proteccion completa Total Colgate 75 ml.,2.47,0.075,L,0.751
658,Suavizante concentrado azul vital Mimosin 78 lavados.,3.55,1.0,ud,71.0
659,Detergente en capsulas original Todo en Uno Pods Ariel 48 lavados.,11.69,1.0,ud,48.708
660,Papel higienico seda 3 capas Foxy 18 rollos.,9.29,17.865,ud,17.865
661,Papel de aluminio Albal 50 metros.,4.8,48.0,m,48.0
662,Limpiahogar con Oxigeno Activo Sanytol 1.2 L,2.69,1.201,L,1.201
663,Limpiador de bano Don Limpio 1.5 l.,2.55,1.5,L,1.5
664,Suavizante concentrado azul vital Mimosin 78 lavados.,3.55,1.0,ud,71.0
665,Detergente en capsulas original Todo en Uno Pods Ariel 48 lavados.,11.69,1.0,ud,48.708
666,Papel higienico seda 3 capas Foxy 18 rollos.,9.29,17.865,ud,17.865
667,Limpiahogar ph neutro para madera y marmol Don Limpio 1.5 l.,2.36,1.503,L,1.503
668,Limpiahogar madera Don Limpio 1.5 l.,2.36,1.503,L,1.503
669,Limpiador de bano Don Limpio 1.5 l.,2.55,1.5,L,1.5
670,Suavizante concentrado azul vital Mimosin 78 lavados.,3.55,1.0,ud,71.0
671,Detergente en capsulas original Todo en Uno Pods Ariel 48 lavados.,11.69,1.0,ud,48.708
672,Papel higienico seda 3 capas Foxy 18 rollos.,9.29,17.865,ud,17.865
673,Limpiador de bano Don Limpio 1.5 l.,2.55,1.5,L,1.5
674,Suavizante concentrado azul vital Mimosin 78 lavados.,3.55,1.0,ud,71.0
675,Detergente en capsulas original Todo en Uno Pods Ariel 48 lavados.,11.69,1.0,ud,48.708
676,Papel higienico seda 3 capas Foxy 18 rollos.,9.29,17.865,ud,17.865
677,Suavizante concentrado azul vital Mimosin 190 lavados.,6.49,1.0,ud,162.25
678,Limpiahogar ph neutro Don Limpio 2.7 l.,3.69,2.693,L,2.693
679,Detergente liquido Active Clean Skip 100 lavados,16.19,1.0,ud,101.188
680,Limpiador de bano Don Limpio 1.5 l.,2.55,1.5,L,1.5
681,Suavizante concentrado azul vital Mimosin 78 lavados.,3.55,1.0,ud,71.0
682,Detergente en capsulas original Todo en Uno Pods Ariel 48 lavados.,11.69,1.0,ud,48.708
683,Papel higienico seda 3 capas Foxy 18 rollos.,9.29,17.865,ud,17.865
684,Detergente liquido Total 3+1 Dixan 50 lavados.,8.65,1.0,ud,50.882
685,Limpiador de bano Don Limpio 1.5 l.,2.55,1.5,L,1.5
686,Suavizante concentrado azul vital Mimosin 78 lavados.,3.55,1.0,ud,71.0
687,Detergente en capsulas original Todo en Uno Pods Ariel 48 lavados.,11.69,1.0,ud,48.708
688,Papel higienico seda 3 capas Foxy 18 rollos.,9.29,17.865,ud,17.865
689,Lavavajillas maquina Todo en 1 en pastillas Calgonit Finish 85 ud.,19.48,1.0,ud,84.696
690,Limpiador de bano Don Limpio 1.5 l.,2.55,1.5,L,1.5
691,Suavizante concentrado azul vital Mimosin 78 lavados.,3.55,1.0,ud,71.0
692,Detergente en capsulas original Todo en Uno Pods Ariel 48 lavados.,11.69,1.0,ud,48.708
693,Papel higienico seda 3 capas Foxy 18 rollos.,9.29,17.865,ud,17.865
694,Lavavajillas maquina quantum max en pastillas Finish 54 ud.,10.99,54.95,ud,54.95
695,Discos wc activos inodoros aroma lima recambio Pato 2 ud.,4.49,2.004,ud,2.004
696,Perlas de fragancia para la ropa estallido de pasion Intense Mimosin 275 g.,5.75,0.275,kg,0.275
697,Aerosol desinfectante hogar y tejidos Sanytol 300 ml.,3.57,0.3,L,0.3
698,Limpiador de bano Don Limpio 1.5 l.,2.55,1.5,L,1.5
699,Suavizante concentrado azul vital Mimosin 78 lavados.,3.55,1.0,ud,71.0
700,Detergente en capsulas original Todo en Uno Pods Ariel 48 lavados.,11.69,1.0,ud,48.708
701,Papel higienico seda 3 capas Foxy 18 rollos.,9.29,17.865,ud,17.865
702,Limpiador de bano Don Limpio 2.7 l.,3.83,2.697,L,2.697
703,Lavavajillas a maquina platinum plus aroma limonTodo en 1 en capsulas Fairy 37 ud.,12.85,36.714,ud,36.714
704,Suavizante concentrado azul Flor 156 lavados.,7.09,1.0,ud,141.8
705,Limpiador de bano Don Limpio 1.5 l.,2.55,1.5,L,1.5
706,Suavizante concentrado azul vital Mimosin 78 lavados.,3.55,1.0,ud,71.0
707,Detergente en capsulas original Todo en Uno Pods Ariel 48 lavados.,11.69,1.0,ud,48.708
708,Papel higienico seda 3 capas Foxy 18 rollos.,9.29,17.865,ud,17.865
709,Limpiador de bano Don Limpio 1.5 l.,2.55,1.5,L,1.5
710,Suavizante concentrado azul vital Mimosin 78 lavados.,3.55,1.0,ud,71.0
711,Detergente en capsulas original Todo en Uno Pods Ariel 48 lavados.,11.69,1.0,ud,48.708
712,Papel higienico seda 3 capas Foxy 18 rollos.,9.29,17.865,ud,17.865
713,Detergente liquido ultra oxi effect Ariel 40 lavados.,13.39,1.0,ud,40.576
714,Lavavajillas maquina original Todo en 1 en capsulas Fairy 55 ud.,13.49,1.0,ud,53.96
715,Suavizante concentrado explosion de frescor Intense Mimosin 52 lavados.,3.49,1.0,ud,49.857
716,Detergente liquido 2 en 1 Vanish Colon 40 lavados.,9.19,1.0,ud,39.957
717,Limpiador de bano Don Limpio 1.5 l.,2.55,1.5,L,1.5
718,Suavizante concentrado azul vital Mimosin 78 lavados.,3.55,1.0,ud,71.0
719,Detergente en capsulas original Todo en Uno Pods Ariel 48 lavados.,11.69,1.0,ud,48.708
720,Papel higienico seda 3 capas Foxy 18 rollos.,9.29,17.865,ud,17.865
721,Limpiador de bano Don Limpio 1.5 l.,2.55,1.5,L,1.5
722,Suavizante concentrado azul vital Mimosin 78 lavados.,3.55,1.0,ud,71.0
723,Detergente en capsulas original Todo en Uno Pods Ariel 48 lavados.,11.69,1.0,ud,48.708
724,Papel higienico seda 3 capas Foxy 18 rollos.,9.29,17.865,ud,17.865
725,Limpiador de bano Don Limpio 1.5 l.,2.55,1.5,L,1.5
726,Suavizante concentrado azul vital Mimosin 78 lavados.,3.55,1.0,ud,71.0
727,Detergente en capsulas original Todo en Uno Pods Ariel 48 lavados.,11.69,1.0,ud,48.708
728,Papel higienico seda 3 capas Foxy 18 rollos.,9.29,17.865,ud,17.865
729,Lavavajillas maquina Todo en 1 regular Max Finish 65 ud.,16.39,65.56,ud,65.56
730,Limpiador de bano Don Limpio 1.5 l.,2.55,1.5,L,1.5
731,Suavizante concentrado azul vital Mimosin 78 lavados.,3.55,1.0,ud,71.0
732,Detergente en capsulas original Todo en Uno Pods Ariel 48 lavados.,11.69,1.0,ud,48.708
733,Papel higienico seda 3 capas Foxy 18 rollos.,9.29,17.865,ud,17.865
734,Detergente liquido gel activo Colon 90 lavados.,13.99,1.0,ud,93.267
735,Limpiador de bano Don Limpio 1.5 l.,2.55,1.5,L,1.5
736,Suavizante concentrado azul vital Mimosin 78 lavados.,3.55,1.0,ud,71.0
737,Detergente en capsulas original Todo en Uno Pods Ariel 48 lavados.,11.69,1.0,ud,48.708
738,Papel higienico seda 3 capas Foxy 18 rollos.,9.29,17.865,ud,17.865
739,Suavizante concentrado Elixir Sensorial Flor 60 lavados.,3.29,1.0,ud,65.8
740,Detergente liquido jazmin fresco y lavanda silvestre ecologico Botanical Origin 35 lavados.,9.59,1.0,ud,35.519
741,Limpiador de bano Don Limpio 1.5 l.,2.55,1.5,L,1.5
742,Suavizante concentrado azul vital Mimosin 78 lavados.,3.55,1.0,ud,71.0
743,Detergente en capsulas original Todo en Uno Pods Ariel 48 lavados.,11.69,1.0,ud,48.708
744,Papel higienico seda 3 capas Foxy 18 rollos.,9.29,17.865,ud,17.865
745,Detergente en polvo Colon 50 cacitos,9.95,1.0,ud,49.75
746,Potenciador de lavado en polvo Vanish Oxi-Advance 800 g.,10.95,0.8,kg,0.8
747,Flor Suavizante Hiper Ahorro Nenuco 156 Lavados,7.09,1.0,ud,141.8
748,Elimina olores textil antialergenos Sanytol 500 ml.,3.6,0.5,L,0.5
749,Limpiador de bano Don Limpio 1.5 l.,2.55,1.5,L,1.5
750,Suavizante concentrado azul vital Mimosin 78 lavados.,3.55,1.0,ud,71.0
751,Detergente en capsulas original Todo en Uno Pods Ariel 48 lavados.,11.69,1.0,ud,48.708
752,Papel higienico seda 3 capas Foxy 18 rollos.,9.29,17.865,ud,17.865
753,Quitamanchas en polvo para la ropa blanca Oxi Advance Vanish 800 g.,10.95,0.8,kg,0.8
754,Detergente en capsulas extra higiene ultra oxy effect Ariel 43 ud.,17.65,1.0,ud,43.049
755,Suavizante concentrado jazmin fresco y lavanda silvestre Botanical Origin 45 lavados.,3.89,1.0,ud,43.222
756,Limpiador de bano Don Limpio 1.5 l.,2.55,1.5,L,1.5
757,Suavizante concentrado azul vital Mimosin 78 lavados.,3.55,1.0,ud,71.0
758,Detergente en capsulas original Todo en Uno Pods Ariel 48 lavados.,11.69,1.0,ud,48.708
759,Papel higienico seda 3 capas Foxy 18 rollos.,9.29,17.865,ud,17.865
760,Lavavajillas a maquina en pastillas Quantum Ultimate Finish Powerball 84 ud.,23.98,82.69,ud,82.69
761,Ambientador de varillas azahar y mandarina Cristalinas 40 ml.,4.65,0.04,L,0.4
762,Limpiador de bano Don Limpio 1.5 l.,2.55,1.5,L,1.5
763,Suavizante concentrado azul vital Mimosin 78 lavados.,3.55,1.0,ud,71.0
764,Detergente en capsulas original Todo en Uno Pods Ariel 48 lavados.,11.69,1.0,ud,48.708
765,Papel higienico seda 3 capas Foxy 18 rollos.,9.29,17.865,ud,17.865
766,Discos wc activos inodoros frescor marino aparato + recambio Pato 1 ud.,2.69,1.0,ud,1.0
767,Limpiador de bano Don Limpio 1.5 l.,2.55,1.5,L,1.5
768,Suavizante concentrado azul vital Mimosin 78 lavados.,3.55,1.0,ud,71.0
769,Detergente en capsulas original Todo en Uno Pods Ariel 48 lavados.,11.69,1.0,ud,48.708
770,Papel higienico seda 3 capas Foxy 18 rollos.,9.29,17.865,ud,17.865
771,Detergente en polvo Total 3+1 Dixan 50 lavados.,9.35,1.0,ud,49.211
772,Limpiador de bano Don Limpio 1.5 l.,2.55,1.5,L,1.5
773,Suavizante concentrado azul vital Mimosin 78 lavados.,3.55,1.0,ud,71.0
774,Detergente en capsulas original Todo en Uno Pods Ariel 48 lavados.,11.69,1.0,ud,48.708
775,Papel higienico seda 3 capas Foxy 18 rollos.,9.29,17.865,ud,17.865
776,Limpiador de bano Don Limpio 1.5 l.,2.55,1.5,L,1.5
777,Suavizante concentrado azul vital Mimosin 78 lavados.,3.55,1.0,ud,71.0
778,Detergente en capsulas original Todo en Uno Pods Ariel 48 lavados.,11.69,1.0,ud,48.708
779,Papel higienico seda 3 capas Foxy 18 rollos.,9.29,17.865,ud,17.865
780,Lavavajillas maquina platinum todo en 1 en capsulas Fairy 40 ud.,14.89,1.0,ud,40.243
781,Detergente en capsulas Doble Poder Active Clean Skip 46 lavados.,12.24,1.0,ud,45.333
782,Limpiador de bano Don Limpio 1.5 l.,2.55,1.5,L,1.5
783,Suavizante concentrado azul vital Mimosin 78 lavados.,3.55,1.0,ud,71.0
784,Detergente en capsulas original Todo en Uno Pods Ariel 48 lavados.,11.69,1.0,ud,48.708
785,Papel higienico seda 3 capas Foxy 18 rollos.,9.29,17.865,ud,17.865
786,Potenciador del lavado liquido Vanish Oxi-Advance 1600 ml.,10.95,1.601,L,1.601
787,Limpiador de bano Don Limpio 1.5 l.,2.55,1.5,L,1.5
788,Suavizante concentrado azul vital Mimosin 78 lavados.,3.55,1.0,ud,71.0
789,Detergente en capsulas original Todo en Uno Pods Ariel 48 lavados.,11.69,1.0,ud,48.708
790,Papel higienico seda 3 capas Foxy 18 rollos.,9.29,17.865,ud,17.865
791,Detergente en capsulas Vanish Ultra Colon 32 ud.,9.85,1.0,ud,31.774
792,Limpiador de bano Don Limpio 1.5 l.,2.55,1.5,L,1.5
793,Suavizante concentrado azul vital Mimosin 78 lavados.,3.55,1.0,ud,71.0
794,Detergente en capsulas original Todo en Uno Pods Ariel 48 lavados.,11.69,1.0,ud,48.708
795,Papel higienico seda 3 capas Foxy 18 rollos.,9.29,17.865,ud,17.865
796,Limpiador de bano Don Limpio 1.5 l.,2.55,1.5,L,1.5
797,Suavizante concentrado azul vital Mimosin 78 lavados.,3.55,1.0,ud,71.0
798,Detergente en capsulas original Todo en Uno Pods Ariel 48 lavados.,11.69,1.0,ud,48.708
799,Papel higienico seda 3 capas Foxy 18 rollos.,9.29,17.865,ud,17.865
800,Perfume para la ropa en perlas concentradas frescor de abril Lenor 210 g.,6.59,0.21,kg,0.21
801,Limpiador de bano Don Limpio 1.5 l.,2.55,1.5,L,1.5
802,Suavizante concentrado azul vital Mimosin 78 lavados.,3.55,1.0,ud,71.0
803,Detergente en capsulas original Todo en Uno Pods Ariel 48 lavados.,11.69,1.0,ud,48.708
804,Papel higienico seda 3 capas Foxy 18 rollos.,9.29,17.865,ud,17.865
805,Ambientador mango y lima Decosphere Air Wick 1 ud.,5.15,1.0,ud,1.0
806,Limpiador de bano Don Limpio 1.5 l.,2.55,1.5,L,1.5
807,Suavizante concentrado azul vital Mimosin 78 lavados.,3.55,1.0,ud,71.0
808,Detergente en capsulas original Todo en Uno Pods Ariel 48 lavados.,11.69,1.0,ud,48.708
809,Papel higienico seda 3 capas Foxy 18 rollos.,9.29,17.865,ud,17.865
810,Limpiador de bano Don Limpio 1.5 l.,2.55,1.5,L,1.5
811,Suavizante concentrado azul vital Mimosin 78 lavados.,3.55,1.0,ud,71.0
812,Detergente en capsulas original Todo en Uno Pods Ariel 48 lavados.,11.69,1.0,ud,48.708
813,Papel higienico seda 3 capas Foxy 18 rollos.,9.29,17.865,ud,17.865
814,Limpiador de bano Don Limpio 1.5 l.,2.55,1.5,L,1.5
815,Suavizante concentrado azul vital Mimosin 78 lavados.,3.55,1.0,ud,71.0
816,Detergente en capsulas original Todo en Uno Pods Ariel 48 lavados.,11.69,1.0,ud,48.708
817,Papel higienico seda 3 capas Foxy 18 rollos.,9.29,17.865,ud,17.865
818,Suavizante concentrado floral Revive Flor 60 lavados. ,3.95,1.0,ud,56.429
819,Limpiador de bano Don Limpio 1.5 l.,2.55,1.5,L,1.5
820,Suavizante concentrado azul vital Mimosin 78 lavados.,3.55,1.0,ud,71.0
821,Detergente en capsulas original Todo en Uno Pods Ariel 48 lavados.,11.69,1.0,ud,48.708
822,Papel higienico seda 3 capas Foxy 18 rollos.,9.29,17.865,ud,17.865
823,Limpiador de bano Don Limpio 1.5 l.,2.55,1.5,L,1.5
824,Suavizante concentrado azul vital Mimosin 78 lavados.,3.55,1.0,ud,71.0
825,Detergente en capsulas original Todo en Uno Pods Ariel 48 lavados.,11.69,1.0,ud,48.708
826,Papel higienico seda 3 capas Foxy 18 rollos.,9.29,17.865,ud,17.865
827,Limpiador de bano Don Limpio 1.5 l.,2.55,1.5,L,1.5
828,Suavizante concentrado azul vital Mimosin 78 lavados.,3.55,1.0,ud,71.0
829,Detergente en capsulas original Todo en Uno Pods Ariel 48 lavados.,11.69,1.0,ud,48.708
830,Papel higienico seda 3 capas Foxy 18 rollos.,9.29,17.865,ud,17.865
831,Limpiador de bano Don Limpio 1.5 l.,2.55,1.5,L,1.5
832,Suavizante concentrado azul vital Mimosin 78 lavados.,3.55,1.0,ud,71.0
833,Detergente en capsulas original Todo en Uno Pods Ariel 48 lavados.,11.69,1.0,ud,48.708
834,Papel higienico seda 3 capas Foxy 18 rollos.,9.29,17.865,ud,17.865
835,Limpiador de bano Don Limpio 1.5 l.,2.55,1.5,L,1.5
836,Suavizante concentrado azul vital Mimosin 78 lavados.,3.55,1.0,ud,71.0
837,Detergente en capsulas original Todo en Uno Pods Ariel 48 lavados.,11.69,1.0,ud,48.708
838,Papel higienico seda 3 capas Foxy 18 rollos.,9.29,17.865,ud,17.865
839,Limpiador de bano Don Limpio 1.5 l.,2.55,1.5,L,1.5
840,Suavizante concentrado azul vital Mimosin 78 lavados.,3.55,1.0,ud,71.0
841,Detergente en capsulas original Todo en Uno Pods Ariel 48 lavados.,11.69,1.0,ud,48.708
842,Papel higienico seda 3 capas Foxy 18 rollos.,9.29,17.865,ud,17.865
843,Ambientador de coche frutas del bosque 2 en 1 Cristalinas 1 ud.,3.2,1.0,ud,1.0
844,Limpiador de bano Don Limpio 1.5 l.,2.55,1.5,L,1.5
845,Suavizante concentrado azul vital Mimosin 78 lavados.,3.55,1.0,ud,71.0
846,Detergente en capsulas original Todo en Uno Pods Ariel 48 lavados.,11.69,1.0,ud,48.708
847,Papel higienico seda 3 capas Foxy 18 rollos.,9.29,17.865,ud,17.865
848,Quitamanchas desinfectante Lysol 450 g.,4.85,0.45,kg,0.45
849,Limpiador de bano Don Limpio 1.5 l.,2.55,1.5,L,1.5
850,Suavizante concentrado azul vital Mimosin 78 lavados.,3.55,1.0,ud,71.0
851,Detergente en capsulas original Todo en Uno Pods Ariel 48 lavados.,11.69,1.0,ud,48.708
852,Papel higienico seda 3 capas Foxy 18 rollos.,9.29,17.865,ud,17.865
853,Luz Emergencia Coche. iWotto E light.Senal V-16,9.89,1.0,ud,1.0
854,Limpiador de bano Don Limpio 1.5 l.,2.55,1.5,L,1.5
855,Suavizante concentrado azul vital Mimosin 78 lavados.,3.55,1.0,ud,71.0
856,Detergente en capsulas original Todo en Uno Pods Ariel 48 lavados.,11.69,1.0,ud,48.708
857,Papel higienico seda 3 capas Foxy 18 rollos.,9.29,17.865,ud,17.865
858,Limpiador de bano Don Limpio 1.5 l.,2.55,1.5,L,1.5
859,Suavizante concentrado azul vital Mimosin 78 lavados.,3.55,1.0,ud,71.0
860,Detergente en capsulas original Todo en Uno Pods Ariel 48 lavados.,11.69,1.0,ud,48.708
861,Papel higienico seda 3 capas Foxy 18 rollos.,9.29,17.865,ud,17.865
862,Limpiador de bano Don Limpio 1.5 l.,2.55,1.5,L,1.5
863,Suavizante concentrado azul vital Mimosin 78 lavados.,3.55,1.0,ud,71.0
864,Detergente en capsulas original Todo en Uno Pods Ariel 48 lavados.,11.69,1.0,ud,48.708
865,Papel higienico seda 3 capas Foxy 18 rollos.,9.29,17.865,ud,17.865
866,Limpiador de bano Don Limpio 1.5 l.,2.55,1.5,L,1.5
867,Suavizante concentrado azul vital Mimosin 78 lavados.,3.55,1.0,ud,71.0
868,Detergente en capsulas original Todo en Uno Pods Ariel 48 lavados.,11.69,1.0,ud,48.708
869,Papel higienico seda 3 capas Foxy 18 rollos.,9.29,17.865,ud,17.865
870,Tarrito de platano. naranja. manzana y galleta desde 6 meses Hero Baby Merienda sin aceite de palma pack de 6 unidades de 190 g.,5.5,1.141,kg,1.141
871,Panales Dodot bebe-seco XXL T6 (+13 Kg)136 ud.,32.4,135.0,ud,135.0
872,Panales Dodot Sensitive Talla 5+ (12-17 kg.) 48 ud.,24.2,48.4,ud,48.4
873,Tarritos Buenas Noches Verdura con Pescadilla a la Crema Hero Baby 6x190 grs,5.5,1.201,kg,1.201
874,Tarritos Buenas Noches Guisantes con Jamon Hero Baby 6x190 grs,5.5,1.201,kg,1.201
875,Tarrito de platano. naranja. manzana y galleta desde 6 meses Hero Baby Merienda sin aceite de palma pack de 6 unidades de 190 g.,5.5,1.141,kg,1.141
876,Tarritos Buenas Noches Verdura con Pescadilla a la Crema Hero Baby 6x190 grs,5.5,1.201,kg,1.201
877,Tarritos Buenas Noches Guisantes con Jamon Hero Baby 6x190 grs,5.5,1.201,kg,1.201
878,Tarrito de platano. naranja. manzana y galleta desde 6 meses Hero Baby Merienda sin aceite de palma pack de 6 unidades de 190 g.,5.5,1.141,kg,1.141
879,Pant Dodot Activity Extra Talla 5 (12-17 kg) 40 ud.,23.7,40.169,ud,40.169
880,Snack de cereales con frambuesa ecologico Nutripuffs Naturnes Bio Nestle 35 g.,1.85,0.035,kg,0.035
881,Tarritos Buenas Noches Verdura con Pescadilla a la Crema Hero Baby 6x190 grs,5.5,1.201,kg,1.201
882,Tarritos Buenas Noches Guisantes con Jamon Hero Baby 6x190 grs,5.5,1.201,kg,1.201
883,Tarrito de platano. naranja. manzana y galleta desde 6 meses Hero Baby Merienda sin aceite de palma pack de 6 unidades de 190 g.,5.5,1.141,kg,1.141
884,Tarritos Buenas Noches Verdura con Pescadilla a la Crema Hero Baby 6x190 grs,5.5,1.201,kg,1.201
885,Tarritos Buenas Noches Guisantes con Jamon Hero Baby 6x190 grs,5.5,1.201,kg,1.201
886,Tarrito de platano. naranja. manzana y galleta desde 6 meses Hero Baby Merienda sin aceite de palma pack de 6 unidades de 190 g.,5.5,1.141,kg,1.141
887,Tarritos Buenas Noches Verdura con Pescadilla a la Crema Hero Baby 6x190 grs,5.5,1.201,kg,1.201
888,Tarritos Buenas Noches Guisantes con Jamon Hero Baby 6x190 grs,5.5,1.201,kg,1.201
889,Tarrito de platano. naranja. manzana y galleta desde 6 meses Hero Baby Merienda sin aceite de palma pack de 6 unidades de 190 g.,5.5,1.141,kg,1.141
890,Pants Dodot Activity Talla 4 (9-15 Kg) 45 ud.,23.7,44.717,ud,44.717
891,Pants Dodot Activity Extra Talla 6 +16 Kg 37 ud.,23.7,37.031,ud,37.031
892,Tarritos Buenas Noches Verdura con Pescadilla a la Crema Hero Baby 6x190 grs,5.5,1.201,kg,1.201
893,Tarritos Buenas Noches Guisantes con Jamon Hero Baby 6x190 grs,5.5,1.201,kg,1.201
894,Tarrito de platano. naranja. manzana y galleta desde 6 meses Hero Baby Merienda sin aceite de palma pack de 6 unidades de 190 g.,5.5,1.141,kg,1.141
895,Panales Dodot sensitive extra Talla 6 (+14 kg) 44 ud.,24.2,44.0,ud,44.0
896,Tarritos Buenas Noches Verdura con Pescadilla a la Crema Hero Baby 6x190 grs,5.5,1.201,kg,1.201
897,Tarritos Buenas Noches Guisantes con Jamon Hero Baby 6x190 grs,5.5,1.201,kg,1.201
898,Tarrito de platano. naranja. manzana y galleta desde 6 meses Hero Baby Merienda sin aceite de palma pack de 6 unidades de 190 g.,5.5,1.141,kg,1.141
899,Leche infantil de crecimiento desde 12 meses en polvo Nutrasense Premium 3 Hero Baby sin aceite de palma lata 800 g.,9.85,0.8,kg,0.8
900,Tarritos Buenas Noches Verdura con Pescadilla a la Crema Hero Baby 6x190 grs,5.5,1.201,kg,1.201
901,Tarritos Buenas Noches Guisantes con Jamon Hero Baby 6x190 grs,5.5,1.201,kg,1.201
902,Tarrito de platano. naranja. manzana y galleta desde 6 meses Hero Baby Merienda sin aceite de palma pack de 6 unidades de 190 g.,5.5,1.141,kg,1.141
903,Leche infantil de continuacion desde 6 meses en polvo Nutrasense Premium 2 Hero Baby sin aceite de palma lata 800 g.,9.85,0.8,kg,0.8
904,Panales Dodot Cuidado Total T1 (2-5 kg) 50 ud.,17.84,49.556,ud,49.556
905,Panales Dodot Cuidado Total T4 (9-14 kg) 40 ud.,16.99,40.452,ud,40.452
906,Tarritos Buenas Noches Verdura con Pescadilla a la Crema Hero Baby 6x190 grs,5.5,1.201,kg,1.201
907,Tarritos Buenas Noches Guisantes con Jamon Hero Baby 6x190 grs,5.5,1.201,kg,1.201
908,Tarrito de platano. naranja. manzana y galleta desde 6 meses Hero Baby Merienda sin aceite de palma pack de 6 unidades de 190 g.,5.5,1.141,kg,1.141
909,Tarritos Buenas Noches Verdura con Pescadilla a la Crema Hero Baby 6x190 grs,5.5,1.201,kg,1.201
910,Tarritos Buenas Noches Guisantes con Jamon Hero Baby 6x190 grs,5.5,1.201,kg,1.201
911,Tarrito de platano. naranja. manzana y galleta desde 6 meses Hero Baby Merienda sin aceite de palma pack de 6 unidades de 190 g.,5.5,1.141,kg,1.141
912,Panales Dodot Cuidado Total T2 (4-8 kg) 56 ud.,17.84,55.75,ud,55.75
913,Tarritos Buenas Noches Verdura con Pescadilla a la Crema Hero Baby 6x190 grs,5.5,1.201,kg,1.201
914,Tarritos Buenas Noches Guisantes con Jamon Hero Baby 6x190 grs,5.5,1.201,kg,1.201
915,Tarrito de platano. naranja. manzana y galleta desde 6 meses Hero Baby Merienda sin aceite de palma pack de 6 unidades de 190 g.,5.5,1.141,kg,1.141
916,Panales Dodot Cuidado Total T5 (11-16 kg) 36 ud.,16.99,36.149,ud,36.149
917,Tarritos Buenas Noches Verdura con Pescadilla a la Crema Hero Baby 6x190 grs,5.5,1.201,kg,1.201
918,Tarritos Buenas Noches Guisantes con Jamon Hero Baby 6x190 grs,5.5,1.201,kg,1.201
919,Tarrito de platano. naranja. manzana y galleta desde 6 meses Hero Baby Merienda sin aceite de palma pack de 6 unidades de 190 g.,5.5,1.141,kg,1.141
920,Papilla infantil desde 6 meses multicereales y quinoa Nestle Seleccion de la Naturaleza 270 g.,2.6,0.27,kg,0.27
921,Panales Dodot Cuidado Total T3 (6-10 kg) 46 ud.,16.99,45.919,ud,45.919
922,Tarritos Buenas Noches Verdura con Pescadilla a la Crema Hero Baby 6x190 grs,5.5,1.201,kg,1.201
923,Tarritos Buenas Noches Guisantes con Jamon Hero Baby 6x190 grs,5.5,1.201,kg,1.201
924,Tarrito de platano. naranja. manzana y galleta desde 6 meses Hero Baby Merienda sin aceite de palma pack de 6 unidades de 190 g.,5.5,1.141,kg,1.141
925,Papilla infantil desde 6 meses multicereales platano Nestle Seleccion de la Naturaleza 270 g. ,2.6,0.27,kg,0.27
926,Tarritos Buenas Noches Verdura con Pescadilla a la Crema Hero Baby 6x190 grs,5.5,1.201,kg,1.201
927,Tarritos Buenas Noches Guisantes con Jamon Hero Baby 6x190 grs,5.5,1.201,kg,1.201
928,Tarrito de platano. naranja. manzana y galleta desde 6 meses Hero Baby Merienda sin aceite de palma pack de 6 unidades de 190 g.,5.5,1.141,kg,1.141
929,Tarritos Buenas Noches Verdura con Pescadilla a la Crema Hero Baby 6x190 grs,5.5,1.201,kg,1.201
930,Tarritos Buenas Noches Guisantes con Jamon Hero Baby 6x190 grs,5.5,1.201,kg,1.201
931,Tarrito de platano. naranja. manzana y galleta desde 6 meses Hero Baby Merienda sin aceite de palma pack de 6 unidades de 190 g.,5.5,1.141,kg,1.141
932,Tarritos Buenas Noches Verdura con Pescadilla a la Crema Hero Baby 6x190 grs,5.5,1.201,kg,1.201
933,Tarritos Buenas Noches Guisantes con Jamon Hero Baby 6x190 grs,5.5,1.201,kg,1.201
934,Tarrito de platano. naranja. manzana y galleta desde 6 meses Hero Baby Merienda sin aceite de palma pack de 6 unidades de 190 g.,5.5,1.141,kg,1.141
935,Tarritos Buenas Noches Verdura con Pescadilla a la Crema Hero Baby 6x190 grs,5.5,1.201,kg,1.201
936,Tarritos Buenas Noches Guisantes con Jamon Hero Baby 6x190 grs,5.5,1.201,kg,1.201
937,Tarrito de platano. naranja. manzana y galleta desde 6 meses Hero Baby Merienda sin aceite de palma pack de 6 unidades de 190 g.,5.5,1.141,kg,1.141
938,Comida humeda surtido de carne en salsa para gato adulto Purina Gourmet Gold 12x85 g,6.8,1.019,kg,1.019
939,Comida humeda surtido de carnes para gato adulto Purina Gourmet Gold Doble Placer 12x85 g,6.8,1.019,kg,1.019
940,Pienso para gato esterilizado Brekkies3 kg.,7.95,3.0,kg,3.0
941,Comida humeda surtido de carnes para gato adulto Purina Gourmet Gold Doble Placer 12x85 g,6.8,1.019,kg,1.019
942,Pienso para gato esterilizado Brekkies3 kg.,7.95,3.0,kg,3.0
943,Comida humeda surtido de carnes para gato adulto Purina Gourmet Gold Doble Placer 12x85 g,6.8,1.019,kg,1.019
944,Pienso para gato esterilizado Brekkies3 kg.,7.95,3.0,kg,3.0
945,Comida humeda surtido de carnes para gato adulto Purina Gourmet Gold Doble Placer 12x85 g,6.8,1.019,kg,1.019
946,Pienso para gato esterilizado Brekkies3 kg.,7.95,3.0,kg,3.0
947,Comida humeda surtido de carnes para gato adulto Purina Gourmet Gold Doble Placer 12x85 g,6.8,1.019,kg,1.019
948,Pienso para gato esterilizado Brekkies3 kg.,7.95,3.0,kg,3.0
949,Comida humeda surtido de carnes para gato adulto Purina Gourmet Gold Doble Placer 12x85 g,6.8,1.019,kg,1.019
950,Pienso para gato esterilizado Brekkies3 kg.,7.95,3.0,kg,3.0
951,Comida humeda surtido de carnes para gato adulto Purina Gourmet Gold Doble Placer 12x85 g,6.8,1.019,kg,1.019
952,Pienso para gato esterilizado Brekkies3 kg.,7.95,3.0,kg,3.0
953,Pienso de pollo y arroz para perro cachorros Medium Ultima 7.5 Kg.,27.25,7.507,kg,7.507
954,Comida humeda surtido de carnes para gato adulto Purina Gourmet Gold Doble Placer 12x85 g,6.8,1.019,kg,1.019
955,Pienso para gato esterilizado Brekkies3 kg.,7.95,3.0,kg,3.0
956,Comida humeda surtido de carnes para gato adulto Purina Gourmet Gold Doble Placer 12x85 g,6.8,1.019,kg,1.019
957,Pienso para gato esterilizado Brekkies3 kg.,7.95,3.0,kg,3.0
958,Comida humeda surtido de carnes para gato adulto Purina Gourmet Gold Doble Placer 12x85 g,6.8,1.019,kg,1.019
959,Pienso para gato esterilizado Brekkies3 kg.,7.95,3.0,kg,3.0
960,Ultima Nature Gato Wet Multipack Puoch Salmon y Trucha 4x85 grs,2.69,0.34,kg,0.34
961,Ultima Nature Gato Wet Multipack Pouch Pollo y Aves 4 x 85 grs,2.69,0.34,kg,0.34
962,Comida humeda surtido de carnes para gato adulto Purina Gourmet Gold Doble Placer 12x85 g,6.8,1.019,kg,1.019
963,Pienso para gato esterilizado Brekkies3 kg.,7.95,3.0,kg,3.0
964,Ultima Nature Gato Wet Multipack Atun y Pescado Blanco 4x85 grs,2.69,0.34,kg,0.34
965,Ultima Nature Gato Wet Multipack Buey y Pavo 4 x 85 grs,2.69,0.34,kg,0.34
966,Comida humeda surtido de carnes para gato adulto Purina Gourmet Gold Doble Placer 12x85 g,6.8,1.019,kg,1.019
967,Pienso para gato esterilizado Brekkies3 kg.,7.95,3.0,kg,3.0
968,Comida humeda surtido de carnes para gato adulto Purina Gourmet Gold Doble Placer 12x85 g,6.8,1.019,kg,1.019
969,Pienso para gato esterilizado Brekkies3 kg.,7.95,3.0,kg,3.0
970,Comida humeda surtido de carnes para gato adulto Purina Gourmet Gold Doble Placer 12x85 g,6.8,1.019,kg,1.019
971,Pienso para gato esterilizado Brekkies3 kg.,7.95,3.0,kg,3.0
972,Comida humeda surtido de carnes para gato adulto Purina Gourmet Gold Doble Placer 12x85 g,6.8,1.019,kg,1.019
973,Pienso para gato esterilizado Brekkies3 kg.,7.95,3.0,kg,3.0
974,Comida humeda surtido de carnes para gato adulto Purina Gourmet Gold Doble Placer 12x85 g,6.8,1.019,kg,1.019
975,Pienso para gato esterilizado Brekkies3 kg.,7.95,3.0,kg,3.0
976,Comida humeda surtido de carnes para gato adulto Purina Gourmet Gold Doble Placer 12x85 g,6.8,1.019,kg,1.019
977,Pienso para gato esterilizado Brekkies3 kg.,7.95,3.0,kg,3.0
978,Comida humeda surtido de carnes para gato adulto Purina Gourmet Gold Doble Placer 12x85 g,6.8,1.019,kg,1.019
979,Pienso para gato esterilizado Brekkies3 kg.,7.95,3.0,kg,3.0
980,Comida humeda surtido de carnes para gato adulto Purina Gourmet Gold Doble Placer 12x85 g,6.8,1.019,kg,1.019
981,Pienso para gato esterilizado Brekkies3 kg.,7.95,3.0,kg,3.0
982,Comida humeda de pollo.buey. atun y salmon para gato adulto Purina Gourmet Gold Fondant 12x85 g.,6.8,11.93,ud,11.93
983,Comida humeda surtido de carnes para gato adulto Purina Gourmet Gold Doble Placer 12x85 g,6.8,1.019,kg,1.019
984,Pienso para gato esterilizado Brekkies3 kg.,7.95,3.0,kg,3.0
985,Comida humeda surtido de carnes para gato adulto Purina Gourmet Gold Doble Placer 12x85 g,6.8,1.019,kg,1.019
986,Pienso para gato esterilizado Brekkies3 kg.,7.95,3.0,kg,3.0
987,Comida humeda surtido de carnes para gato adulto Purina Gourmet Gold Doble Placer 12x85 g,6.8,1.019,kg,1.019
988,Pienso para gato esterilizado Brekkies3 kg.,7.95,3.0,kg,3.0
989,Comida humeda surtido de carnes para gato adulto Purina Gourmet Gold Doble Placer 12x85 g,6.8,1.019,kg,1.019
990,Pienso para gato esterilizado Brekkies3 kg.,7.95,3.0,kg,3.0
991,Comida humeda seleccion de carnes para gatos esterilizados adultos Ultima Cat Wet&Delicious85x4 g.,2.69,0.34,kg,0.34
992,Comida humeda seleccion de pescados para gatos esterilizados adultos Ultima Cat Wet&Delicious 85x4 g.,2.69,0.34,kg,0.34
993,Comida humeda para gato esterilizado Ultima Cat&Delicious85x4 g.,2.69,0.34,kg,0.34
994,Comida humeda surtido de carnes para gato adulto Purina Gourmet Gold Doble Placer 12x85 g,6.8,1.019,kg,1.019
995,Pienso para gato esterilizado Brekkies3 kg.,7.95,3.0,kg,3.0
996,Comida humeda surtido de carnes para gato adulto Purina Gourmet Gold Doble Placer 12x85 g,6.8,1.019,kg,1.019
997,Pienso para gato esterilizado Brekkies3 kg.,7.95,3.0,kg,3.0
998,Leche semidesnatada Central Lechera Asturiana brik 1 l.,0.79,1.0,L,1.0
999,Leche entera Central Lechera Asturiana brik 1 l.,0.79,1.0,L,1.0
1000,Leche semidesnatada Central Lechera Asturiana brik 1 l.,0.79,1.0,L,1.0
1001,Leche entera Central Lechera Asturiana brik 1 l.,0.79,1.0,L,1.0
1002,Patata lavada Carrefour 5 Kg,2.95,5.0,kg,5.0
1003,Brocoli Carrefour 500g,0.79,0.5,kg,0.5
1004,Patata lavada Carrefour 5 Kg,2.95,5.0,kg,5.0
1005,Brocoli Carrefour 500g,0.79,0.5,kg,0.5
1006,Cerveza Alhambra Reserva 1925 pack de 12 botellas de 33 cl.,11.49,3.962,L,3.962
1007,Cerveza Mahou Clasica pack de 28 latas de 33 cl.,11.95,9.264,L,9.264
1008,Coca Cola zero azucar zero cafeina pack 4 botellas 2 l.,6.24,8.0,L,8.0
1009,Cerveza Alhambra Reserva 1925 pack de 12 botellas de 33 cl.,11.49,3.962,L,3.962
1010,Cerveza Mahou Clasica pack de 28 latas de 33 cl.,11.95,9.264,L,9.264
1011,Coca Cola zero azucar zero cafeina pack 4 botellas 2 l.,6.24,8.0,L,8.0
1012,Coca Cola pack 4 botellas 2 l.,6.24,8.0,L,8.0
1013,Agua mineral Font Vella 50 cl.,0.53,0.5,L,0.5
1014,Gel de ducha Moussel 600 ml.,2.85,0.594,L,5.938
1015,Dentifrico proteccion profesional Pro-Expert Oral-B 75 ml.,3.25,0.075,L,0.751
1016,Dentifrico blanqueador para dientes mas blancos al instante Max White Optic Colgate 75 ml.,2.29,0.075,L,0.751
1017,Gel de ducha Moussel 600 ml.,2.85,0.594,L,5.938
1018,Dentifrico proteccion profesional Pro-Expert Oral-B 75 ml.,3.25,0.075,L,0.751
1019,Dentifrico blanqueador para dientes mas blancos al instante Max White Optic Colgate 75 ml.,2.29,0.075,L,0.751
1020,Dentifrico original 24h de proteccion completa Total Colgate 75 ml.,2.47,0.075,L,0.751
1021,Limpiador de bano Don Limpio 1.5 l.,2.55,1.5,L,1.5
1022,Limpiador de bano Don Limpio 1.5 l.,2.55,1.5,L,1.5
1023,Suavizante concentrado azul vital Mimosin 78 lavados.,3.55,1.0,ud,71.0
1024,Detergente en capsulas original Todo en Uno Pods Ariel 48 lavados.,11.69,1.0,ud,48.708
1025,Papel higienico seda 3 capas Foxy 18 rollos.,9.29,17.865,ud,17.865
1026,Panales Dodot Sensitive T2 (4-8 Kg) 88 ud.,19.99,86.913,ud,86.913
1027,Tarritos Buenas Noches Verdura con Pescadilla a la Crema Hero Baby 6x190 grs,5.5,1.201,kg,1.201
1028,Tarritos Buenas Noches Guisantes con Jamon Hero Baby 6x190 grs,5.5,1.201,kg,1.201
1029,Tarritos Buenas Noches Verdura con Pescadilla a la Crema Hero Baby 6x190 grs,5.5,1.201,kg,1.201
1030,Tarritos Buenas Noches Guisantes con Jamon Hero Baby 6x190 grs,5.5,1.201,kg,1.201
1031,Tarrito de platano. naranja. manzana y galleta desde 6 meses Hero Baby Merienda sin aceite de palma pack de 6 unidades de 190 g.,5.5,1.141,kg,1.141
1032,Comida humeda surtido de carnes para gato adulto Purina Gourmet Gold Doble Placer 12x85 g,6.8,1.019,kg,1.019
1033,Pienso para gato esterilizado Brekkies3 kg.,7.95,3.0,kg,3.0
1034,Comida humeda surtido de carnes para gato adulto Purina Gourmet Gold Doble Placer 12x85 g,6.8,1.019,kg,1.019
1035,Pienso para gato esterilizado Brekkies3 kg.,7.95,3.0,kg,3.0
